Date,Open,High,Low,Close,Change %,Volume
"Jun. 22, 2023",10.31,10.54,10.20,10.30,-5.24,"10,061,451"
"Jun. 21, 2023",10.77,10.88,10.32,10.87,+0.83,"5,385,456"
"Jun. 20, 2023",10.16,10.91,10.13,10.78,+5.58,"5,599,115"
"Jun. 16, 2023",10.25,10.38,10.14,10.21,-0.68,"5,015,003"
"Jun. 15, 2023",10.19,10.43,10.08,10.28,+0.19,"2,788,818"
"Jun. 14, 2023",10.40,10.47,10.20,10.26,-1.25,"6,449,255"
"Jun. 13, 2023",10.62,10.66,10.26,10.39,+2.67,"7,601,439"
"Jun. 12, 2023",9.88,10.16,9.84,10.12,+1.71,"3,358,508"
"Jun. 09, 2023",10.06,10.19,9.93,9.95,+0.20,"2,823,871"
"Jun. 08, 2023",10.25,10.39,9.93,9.93,-3.59,"2,667,397"
"Jun. 07, 2023",10.45,10.46,10.07,10.30,-0.19,"8,066,759"
"Jun. 06, 2023",10.24,10.46,10.22,10.32,+0.49,"3,711,628"
"Jun. 05, 2023",10.11,10.50,10.06,10.27,+1.08,"3,155,409"
"Jun. 02, 2023",10.20,10.43,9.99,10.16,+0.59,"5,095,054"
"Jun. 01, 2023",9.84,10.22,9.84,10.10,+1.51,"5,188,845"
"May 31, 2023",10.01,10.08,9.87,9.95,-1.29,"6,042,628"
"May 30, 2023",10.56,10.59,9.71,10.08,-3.45,"8,464,191"
"May 26, 2023",11.39,11.39,10.03,10.44,-13.86,"12,819,482"
"May 25, 2023",12.05,12.67,11.89,12.12,+1.00,"5,226,120"
"May 24, 2023",12.40,12.54,11.90,12.00,-4.53,"4,164,705"
"May 23, 2023",12.65,13.19,12.51,12.57,-0.63,"5,454,681"
"May 22, 2023",12.63,12.83,12.45,12.65,+2.51,"7,328,516"
"May 19, 2023",12.49,12.70,12.26,12.34,-0.80,"4,532,083"
"May 18, 2023",12.34,12.53,12.15,12.44,-0.56,"5,600,223"
"May 17, 2023",12.24,12.55,11.95,12.51,+3.30,"3,297,310"
"May 16, 2023",12.36,12.48,12.03,12.11,-3.20,"3,332,439"
"May 15, 2023",12.37,12.71,12.14,12.51,+2.37,"5,590,560"
"May 12, 2023",12.35,12.65,12.07,12.22,-0.33,"4,000,270"
"May 11, 2023",11.75,12.47,11.69,12.26,+5.24,"5,948,183"
"May 10, 2023",11.39,12.05,11.36,11.65,+4.11,"7,496,161"
"May 09, 2023",11.20,11.46,11.05,11.19,-1.15,"3,289,154"
"May 08, 2023",10.81,12.06,10.81,11.32,+5.11,"10,107,398"
"May 05, 2023",10.25,10.96,10.17,10.77,+6.63,"8,025,469"
"May 04, 2023",9.83,10.18,9.81,10.10,+2.64,"4,473,319"
"May 03, 2023",9.38,10.01,9.29,9.84,+5.81,"3,996,122"
"May 02, 2023",9.62,9.74,9.23,9.30,-4.22,"2,998,805"
"May 01, 2023",9.81,10.00,9.61,9.71,-1.32,"2,204,557"
"Apr. 28, 2023",9.38,9.88,9.34,9.84,+4.13,"3,184,886"
"Apr. 27, 2023",9.19,9.47,9.10,9.45,+2.94,"2,782,165"
"Apr. 26, 2023",9.19,9.49,9.02,9.18,+0.99,"3,319,529"
"Apr. 25, 2023",9.00,9.12,8.93,9.09,-1.20,"2,501,147"
"Apr. 24, 2023",9.17,9.27,9.02,9.20,+2.00,"2,611,941"
"Apr. 21, 2023",9.10,9.19,8.87,9.02,-1.10,"1,832,705"
"Apr. 20, 2023",8.84,9.26,8.81,9.12,+1.90,"2,719,887"
"Apr. 19, 2023",9.01,9.16,8.72,8.95,-2.61,"4,039,253"
"Apr. 18, 2023",9.11,9.30,9.03,9.19,+1.66,"3,485,648"
"Apr. 17, 2023",9.20,9.22,8.92,9.04,-2.27,"2,364,476"
"Apr. 14, 2023",9.00,9.43,8.95,9.25,+2.78,"3,956,824"
"Apr. 13, 2023",8.72,9.33,8.65,9.00,+4.17,"4,862,420"
"Apr. 12, 2023",8.52,8.75,8.52,8.64,+1.41,"6,181,520"
"Apr. 11, 2023",7.90,8.64,7.80,8.52,+9.51,"7,326,958"
"Apr. 10, 2023",7.70,7.95,7.56,7.78,+0.52,"3,267,605"
"Apr. 06, 2023",7.64,7.83,7.63,7.74,+0.78,"2,589,798"
"Apr. 05, 2023",7.79,7.86,7.66,7.68,-2.78,"3,346,796"
"Apr. 04, 2023",8.15,8.23,7.87,7.90,-3.19,"2,127,339"
"Apr. 03, 2023",8.56,8.57,8.12,8.16,-4.78,"1,878,669"
"Mar. 31, 2023",8.41,8.71,8.41,8.57,+2.02,"6,108,021"
"Mar. 30, 2023",8.64,8.80,8.35,8.40,-0.24,"2,844,490"
"Mar. 29, 2023",8.42,8.63,8.35,8.42,+1.08,"3,492,043"
"Mar. 28, 2023",8.38,8.65,8.29,8.33,+4.13,"3,001,264"
"Mar. 27, 2023",8.08,8.18,7.91,8.00,+1.39,"2,456,915"
"Mar. 24, 2023",7.67,7.95,7.63,7.89,+1.54,"1,967,623"
"Mar. 23, 2023",8.06,8.10,7.70,7.77,-2.63,"2,984,315"
"Mar. 22, 2023",8.32,8.39,7.97,7.98,-3.62,"2,347,784"
"Mar. 21, 2023",8.00,8.38,7.91,8.28,+6.15,"2,553,483"
"Mar. 20, 2023",7.97,7.97,7.67,7.80,-1.39,"4,780,091"
"Mar. 17, 2023",8.22,8.23,7.74,7.91,-3.65,"4,062,978"
"Mar. 16, 2023",8.27,8.32,8.03,8.21,-0.97,"2,585,554"
"Mar. 15, 2023",8.16,8.33,7.94,8.29,-1.19,"3,772,971"
"Mar. 14, 2023",8.31,8.60,8.24,8.39,+4.09,"2,715,787"
"Mar. 13, 2023",8.10,8.35,7.76,8.06,-2.54,"3,991,639"
"Mar. 10, 2023",8.67,8.73,8.18,8.27,-5.92,"8,516,149"
"Mar. 09, 2023",9.24,9.26,8.73,8.79,-4.87,"2,015,182"
"Mar. 08, 2023",8.95,9.25,8.94,9.24,+4.52,"2,775,345"
"Mar. 07, 2023",8.86,9.11,8.69,8.84,-0.67,"2,847,455"
"Mar. 06, 2023",8.81,9.25,8.80,8.90,-0.22,"3,513,936"
"Mar. 03, 2023",9.10,10.09,8.84,8.92,+5.44,"8,792,796"
"Mar. 02, 2023",0.00,8.59,8.29,8.46,-1.17,"65,525"
"Mar. 01, 2023",8.79,8.86,8.44,8.56,-1.27,"2,930,647"
"Feb. 28, 2023",8.68,8.79,8.63,8.67,+0.12,"1,925,911"
"Feb. 27, 2023",8.91,8.97,8.66,8.66,-2.26,"2,030,960"
"Feb. 24, 2023",8.83,8.96,8.78,8.86,-1.77,"1,580,090"
"Feb. 23, 2023",9.10,9.11,8.88,9.02,+0.67,"928,476"
"Feb. 22, 2023",9.02,9.13,8.84,8.96,+0.56,"1,176,725"
"Feb. 21, 2023",9.05,9.21,8.91,8.91,-3.26,"1,557,539"
"Feb. 17, 2023",9.25,9.37,9.11,9.21,-2.33,"2,313,953"
"Feb. 16, 2023",9.39,9.62,9.27,9.43,-2.38,"1,538,671"
"Feb. 15, 2023",9.25,9.69,9.25,9.66,+3.65,"2,513,965"
"Feb. 14, 2023",9.13,9.39,9.03,9.32,+0.87,"2,076,341"
"Feb. 13, 2023",9.11,9.31,9.05,9.24,+1.65,"2,322,102"
"Feb. 10, 2023",9.14,9.21,8.99,9.09,-1.73,"3,151,692"
"Feb. 09, 2023",9.32,9.44,9.22,9.25,+0.11,"4,117,143"
"Feb. 08, 2023",9.13,9.31,9.07,9.24,+0.43,"2,706,683"
"Feb. 07, 2023",9.12,9.31,9.00,9.20,-0.11,"2,609,184"
"Feb. 06, 2023",9.36,9.51,9.07,9.21,-4.46,"3,544,341"
"Feb. 03, 2023",9.86,10.10,9.59,9.64,-5.30,"2,608,372"
"Feb. 02, 2023",10.74,10.75,9.98,10.18,+0.79,"6,315,121"
"Feb. 01, 2023",10.11,10.23,9.87,10.10,+0.10,"2,374,270"
"Jan. 31, 2023",10.06,10.14,9.92,10.09,+2.13,"2,759,790"
"Jan. 30, 2023",10.05,10.25,9.86,9.88,-5.36,"2,010,637"
"Jan. 27, 2023",10.28,10.66,10.10,10.44,+1.06,"2,755,277"
"Jan. 26, 2023",9.81,10.37,9.80,10.33,+7.38,"3,836,952"
"Jan. 25, 2023",9.22,9.64,9.08,9.62,+2.89,"2,137,770"
"Jan. 24, 2023",8.94,9.39,8.91,9.35,+2.86,"2,608,027"
"Jan. 23, 2023",8.99,9.18,8.92,9.09,+2.48,"4,128,428"
"Jan. 20, 2023",8.85,9.04,8.67,8.87,-1.22,"3,912,726"
"Jan. 19, 2023",8.99,9.07,8.77,8.98,-1.64,"2,425,367"
"Jan. 18, 2023",9.23,9.48,9.07,9.13,+0.66,"3,417,382"
"Jan. 17, 2023",9.13,9.25,8.47,9.07,-4.02,"6,818,982"
"Jan. 13, 2023",9.34,9.62,9.34,9.45,-1.36,"1,967,689"
"Jan. 12, 2023",9.61,9.69,9.22,9.58,+0.74,"2,917,249"
"Jan. 11, 2023",9.30,9.51,9.12,9.51,+3.26,"3,321,107"
"Jan. 10, 2023",9.13,9.32,9.09,9.21,+0.11,"4,422,368"
"Jan. 09, 2023",9.05,9.24,8.96,9.20,+2.91,"3,423,411"
"Jan. 06, 2023",8.67,9.01,8.40,8.94,+4.56,"3,270,971"
"Jan. 05, 2023",8.31,8.57,8.27,8.55,+0.23,"2,952,712"
"Jan. 04, 2023",8.44,8.67,8.33,8.53,+3.52,"1,641,202"
"Jan. 03, 2023",8.90,8.95,8.20,8.24,-5.72,"3,857,459"
"Dec. 30, 2022",8.48,8.84,8.48,8.74,+0.69,"2,450,413"
"Dec. 29, 2022",8.51,8.70,8.31,8.68,+3.95,"2,090,629"
"Dec. 28, 2022",8.51,8.66,8.27,8.35,-1.65,"2,169,790"
"Dec. 27, 2022",8.52,8.57,8.24,8.49,-1.51,"4,132,469"
"Dec. 23, 2022",8.40,8.66,8.36,8.62,+2.99,"2,606,966"
"Dec. 22, 2022",8.30,8.46,8.03,8.37,-0.59,"6,182,532"
"Dec. 21, 2022",8.15,8.56,7.98,8.42,+6.72,"6,861,708"
"Dec. 20, 2022",7.76,8.03,7.72,7.89,+0.77,"4,580,167"
"Dec. 19, 2022",7.71,7.94,7.51,7.83,+1.69,"3,985,830"
"Dec. 16, 2022",7.86,8.03,7.57,7.70,-2.53,"4,878,019"
"Dec. 15, 2022",8.13,8.32,7.89,7.90,-4.93,"4,063,927"
"Dec. 14, 2022",8.38,8.49,7.96,8.31,-0.48,"7,980,315"
"Dec. 13, 2022",9.23,9.35,8.33,8.35,-5.11,"9,759,010"
"Dec. 12, 2022",8.89,8.94,8.59,8.80,-2.22,"6,071,353"
"Dec. 09, 2022",9.06,9.16,8.78,9.00,-1.10,"3,094,530"
"Dec. 08, 2022",8.94,9.17,8.73,9.10,+3.53,"3,878,322"
"Dec. 07, 2022",8.85,8.86,8.56,8.79,-3.30,"5,531,501"
"Dec. 06, 2022",9.18,9.23,8.73,9.09,-1.52,"7,118,950"
"Dec. 05, 2022",9.72,9.86,9.16,9.23,-5.62,"4,920,716"
"Dec. 02, 2022",9.60,9.84,9.42,9.78,+0.51,"5,339,657"
"Dec. 01, 2022",10.25,10.30,9.65,9.73,-7.60,"8,148,072"
"Nov. 30, 2022",9.85,10.59,9.76,10.53,+7.12,"6,021,745"
"Nov. 29, 2022",9.81,10.14,9.65,9.83,-2.19,"4,956,652"
"Nov. 28, 2022",9.85,10.34,9.68,10.05,+1.72,"5,909,570"
"Nov. 25, 2022",10.19,10.29,9.82,9.88,-3.70,"3,974,990"
"Nov. 23, 2022",10.59,10.63,9.53,10.26,-14.57,"15,208,704"
"Nov. 22, 2022",12.25,12.25,11.59,12.01,-1.96,"3,710,622"
"Nov. 21, 2022",11.92,12.33,11.73,12.25,+1.49,"3,688,383"
"Nov. 18, 2022",12.32,13.20,11.80,12.07,+3.96,"5,286,734"
"Nov. 17, 2022",12.30,12.31,11.44,11.61,-7.56,"3,735,972"
"Nov. 16, 2022",13.67,13.83,12.54,12.56,-9.71,"2,392,884"
"Nov. 15, 2022",14.19,14.20,13.69,13.91,+2.66,"2,645,180"
"Nov. 14, 2022",13.74,13.95,13.43,13.55,-1.67,"1,598,828"
"Nov. 11, 2022",13.11,14.07,12.93,13.78,+7.91,"4,051,182"
"Nov. 10, 2022",13.23,13.70,12.73,12.77,+2.08,"3,349,076"
"Nov. 09, 2022",12.78,12.79,12.31,12.51,-3.99,"1,986,456"
"Nov. 08, 2022",12.90,13.66,12.52,13.03,+0.23,"2,185,857"
"Nov. 07, 2022",13.30,13.40,12.77,13.00,-1.74,"2,079,392"
"Nov. 04, 2022",14.83,14.86,12.99,13.23,-8.19,"3,544,345"
"Nov. 03, 2022",13.80,14.97,13.66,14.41,+2.78,"3,397,129"
"Nov. 02, 2022",14.70,14.83,14.01,14.02,-5.40,"3,280,041"
"Nov. 01, 2022",14.20,14.87,14.04,14.82,+8.33,"4,060,078"
"Oct. 31, 2022",13.18,13.82,13.08,13.68,+2.93,"3,100,956"
"Oct. 28, 2022",13.21,13.35,12.69,13.29,-0.30,"2,118,634"
"Oct. 27, 2022",13.61,14.03,13.16,13.33,-1.11,"2,239,278"
"Oct. 26, 2022",14.24,14.52,13.46,13.48,-6.91,"3,639,512"
"Oct. 25, 2022",13.86,14.88,13.78,14.48,+6.63,"3,127,978"
"Oct. 24, 2022",13.89,13.96,13.17,13.58,-2.58,"1,631,717"
"Oct. 21, 2022",13.29,13.97,13.07,13.94,+3.41,"1,822,719"
"Oct. 20, 2022",13.90,14.18,13.29,13.48,-2.88,"2,613,571"
"Oct. 19, 2022",14.04,14.40,13.82,13.88,-3.41,"1,972,006"
"Oct. 18, 2022",14.74,14.87,14.16,14.37,+0.63,"1,309,829"
"Oct. 17, 2022",13.80,14.61,13.80,14.28,+6.33,"1,898,961"
"Oct. 14, 2022",14.40,14.61,13.40,13.43,-5.49,"2,664,480"
"Oct. 13, 2022",13.50,14.39,13.13,14.21,0.00,"3,536,911"
"Oct. 12, 2022",14.04,14.29,13.60,14.21,+0.64,"2,361,594"
"Oct. 11, 2022",14.73,14.92,13.84,14.12,-4.66,"2,643,377"
"Oct. 10, 2022",15.42,15.42,14.47,14.81,-3.46,"1,995,502"
"Oct. 07, 2022",15.00,15.49,14.90,15.34,-1.22,"2,620,707"
"Oct. 06, 2022",15.28,15.84,15.16,15.53,+0.98,"2,596,601"
"Oct. 05, 2022",15.11,15.54,15.05,15.38,-0.97,"2,859,584"
"Oct. 04, 2022",15.03,16.02,15.03,15.53,+6.74,"4,773,641"
"Oct. 03, 2022",13.56,14.70,13.56,14.55,+9.98,"5,113,513"
"Sep. 30, 2022",12.86,13.63,12.79,13.23,+1.77,"2,383,732"
"Sep. 29, 2022",13.41,13.67,12.68,13.00,-6.88,"3,596,598"
"Sep. 28, 2022",13.22,14.17,13.04,13.96,+7.14,"3,297,022"
"Sep. 27, 2022",12.81,13.65,12.72,13.03,+3.33,"4,170,883"
"Sep. 26, 2022",13.54,13.54,11.90,12.61,-7.96,"10,616,894"
"Sep. 23, 2022",13.80,14.02,13.55,13.70,-2.56,"3,243,407"
"Sep. 22, 2022",15.02,15.11,13.98,14.06,-6.39,"3,658,094"
"Sep. 21, 2022",15.11,15.62,14.74,15.02,+0.13,"3,772,655"
"Sep. 20, 2022",15.01,15.47,14.75,15.00,-2.34,"3,280,225"
"Sep. 19, 2022",14.66,15.37,14.59,15.36,+2.81,"3,884,263"
"Sep. 16, 2022",15.08,15.11,14.61,14.94,-4.54,"2,777,885"
"Sep. 15, 2022",15.48,16.56,15.48,15.65,-0.13,"2,546,456"
"Sep. 14, 2022",15.68,15.70,15.21,15.67,+0.19,"2,427,288"
"Sep. 13, 2022",15.50,16.07,15.34,15.64,-5.38,"2,975,210"
"Sep. 12, 2022",16.20,16.58,15.99,16.53,+3.25,"2,408,952"
"Sep. 09, 2022",14.99,16.10,14.99,16.01,+8.91,"3,140,487"
"Sep. 08, 2022",14.50,14.85,14.17,14.70,-1.80,"3,457,244"
"Sep. 07, 2022",14.54,15.07,14.32,14.97,+3.31,"2,261,981"
"Sep. 06, 2022",15.00,15.04,14.36,14.49,-3.91,"1,874,065"
"Sep. 02, 2022",15.34,15.60,14.68,15.08,0.00,"4,012,183"
"Sep. 01, 2022",15.13,15.54,14.64,15.08,-2.96,"3,182,295"
"Aug. 31, 2022",15.33,15.92,15.29,15.54,+2.64,"2,844,412"
"Aug. 30, 2022",15.39,15.88,14.65,15.14,-1.43,"3,369,686"
"Aug. 29, 2022",16.38,16.82,15.33,15.36,-8.02,"3,018,751"
"Aug. 26, 2022",16.45,19.49,15.68,16.70,+10.96,"9,508,905"
"Aug. 25, 2022",15.52,15.68,14.76,15.05,-1.51,"4,786,935"
"Aug. 24, 2022",13.95,15.30,13.73,15.28,+9.06,"4,277,959"
"Aug. 23, 2022",12.75,14.17,12.55,14.01,+10.31,"4,809,459"
"Aug. 22, 2022",12.50,12.93,12.43,12.70,-1.01,"1,842,146"
"Aug. 19, 2022",13.90,13.90,12.58,12.83,-10.59,"4,563,022"
"Aug. 18, 2022",14.54,14.61,14.02,14.35,-1.98,"1,771,672"
"Aug. 17, 2022",14.59,14.89,14.35,14.64,-1.74,"2,194,764"
"Aug. 16, 2022",15.09,15.38,14.31,14.90,-2.42,"2,813,558"
"Aug. 15, 2022",14.74,15.36,14.70,15.27,+2.07,"2,397,760"
"Aug. 12, 2022",15.00,15.11,14.50,14.96,+2.61,"2,189,456"
"Aug. 11, 2022",16.54,16.59,14.47,14.58,-10.83,"4,542,307"
"Aug. 10, 2022",16.03,16.91,15.98,16.35,+7.28,"6,900,441"
"Aug. 09, 2022",14.89,15.33,14.77,15.24,0.00,"3,137,518"
"Aug. 08, 2022",14.79,15.74,14.72,15.24,+4.10,"5,208,848"
"Aug. 05, 2022",14.43,14.93,13.82,14.64,-2.59,"4,924,611"
"Aug. 04, 2022",12.45,15.06,12.40,15.03,+22.89,"10,683,671"
"Aug. 03, 2022",11.05,12.34,11.01,12.23,+12.41,"7,102,184"
"Aug. 02, 2022",10.62,10.96,10.51,10.88,+1.30,"2,300,394"
"Aug. 01, 2022",10.80,10.84,10.19,10.74,-1.01,"1,618,836"
"Jul. 29, 2022",10.83,11.01,10.68,10.85,-0.73,"3,369,867"
"Jul. 28, 2022",10.90,11.16,10.49,10.93,-0.09,"3,890,103"
"Jul. 27, 2022",10.70,11.00,10.64,10.94,+5.29,"2,290,284"
"Jul. 26, 2022",10.81,10.82,10.34,10.39,-5.37,"1,132,317"
"Jul. 25, 2022",10.90,11.05,10.55,10.98,+0.83,"1,531,786"
"Jul. 22, 2022",11.25,11.38,10.68,10.89,-3.54,"2,289,149"
"Jul. 21, 2022",11.49,11.67,11.20,11.29,-2.25,"2,337,172"
"Jul. 20, 2022",11.12,11.70,11.12,11.55,+3.87,"2,649,183"
"Jul. 19, 2022",10.90,11.16,10.74,11.12,+4.32,"2,594,888"
"Jul. 18, 2022",10.70,11.08,10.56,10.66,+2.40,"2,588,136"
"Jul. 15, 2022",10.34,10.57,10.09,10.41,+3.27,"3,345,483"
"Jul. 14, 2022",10.62,10.68,10.04,10.08,-6.23,"2,258,456"
"Jul. 13, 2022",10.25,10.91,10.15,10.75,+1.03,"1,580,909"
"Jul. 12, 2022",10.44,10.80,10.24,10.64,+3.00,"1,639,454"
"Jul. 11, 2022",10.67,10.71,10.23,10.33,-5.14,"2,107,680"
"Jul. 08, 2022",10.46,11.07,10.39,10.89,+2.35,"2,647,169"
"Jul. 07, 2022",10.52,10.79,10.43,10.64,+1.14,"3,318,096"
"Jul. 06, 2022",10.69,10.92,10.41,10.52,-2.41,"2,471,454"
"Jul. 05, 2022",9.91,10.80,9.50,10.78,+5.79,"3,535,468"
"Jul. 01, 2022",10.21,10.47,10.04,10.19,-0.49,"2,467,975"
"Jun. 30, 2022",9.85,10.36,9.45,10.24,+1.89,"4,414,375"
"Jun. 29, 2022",10.11,10.30,9.92,10.05,-1.66,"4,001,661"
"Jun. 28, 2022",10.82,10.97,10.21,10.22,-6.15,"1,862,959"
"Jun. 27, 2022",11.28,11.28,10.62,10.89,-2.24,"3,248,371"
"Jun. 24, 2022",10.70,11.44,10.50,11.14,+6.30,"6,075,363"
"Jun. 23, 2022",10.52,10.79,10.15,10.48,-3.14,"6,761,404"
"Jun. 22, 2022",10.60,11.10,10.52,10.82,-0.82,"4,470,518"
"Jun. 21, 2022",11.24,11.55,10.79,10.91,-1.53,"3,738,938"
"Jun. 17, 2022",10.80,11.13,10.39,11.08,+3.45,"3,613,461"
"Jun. 16, 2022",11.24,11.27,10.44,10.71,-9.39,"2,701,799"
"Jun. 15, 2022",11.50,11.95,11.23,11.82,+5.44,"4,307,492"
"Jun. 14, 2022",11.49,11.65,10.95,11.21,-2.01,"3,160,864"
"Jun. 13, 2022",11.65,11.82,11.07,11.44,-7.67,"3,867,519"
"Jun. 10, 2022",12.78,13.00,12.29,12.39,-5.49,"4,721,080"
"Jun. 09, 2022",16.36,16.45,13.00,13.11,-23.78,"12,786,107"
"Jun. 08, 2022",16.99,17.39,16.88,17.20,+1.06,"4,255,791"
"Jun. 07, 2022",16.13,17.05,16.13,17.02,+2.28,"3,359,609"
"Jun. 06, 2022",16.55,17.24,16.16,16.64,+2.34,"2,956,046"
"Jun. 03, 2022",16.15,16.75,15.83,16.26,+2.26,"4,406,968"
"Jun. 02, 2022",14.89,16.13,14.76,15.90,+7.07,"3,143,450"
"Jun. 01, 2022",15.39,15.80,14.79,14.85,-3.32,"2,041,788"
"May 31, 2022",15.55,15.85,15.11,15.36,-1.54,"2,071,751"
"May 27, 2022",14.88,15.66,14.88,15.60,+6.05,"1,913,987"
"May 26, 2022",14.01,14.99,13.86,14.71,+5.00,"2,540,378"
"May 25, 2022",13.39,14.14,13.06,14.01,+4.94,"2,416,827"
"May 24, 2022",13.74,13.75,13.00,13.35,-6.05,"2,350,625"
"May 23, 2022",14.13,14.35,13.60,14.21,+0.64,"2,400,841"
"May 20, 2022",14.62,15.03,13.50,14.12,-1.81,"4,367,290"
"May 19, 2022",12.99,14.80,12.95,14.38,+9.69,"4,425,831"
"May 18, 2022",12.70,13.89,12.70,13.11,-0.46,"5,327,668"
"May 17, 2022",12.71,13.25,12.37,13.17,+7.51,"4,409,625"
"May 16, 2022",13.09,13.36,12.20,12.25,-9.06,"5,372,536"
"May 13, 2022",10.54,13.50,10.54,13.47,+31.80,"9,603,440"
"May 12, 2022",9.76,10.51,9.53,10.22,+1.79,"11,681,194"
"May 11, 2022",10.75,10.83,10.01,10.04,-7.29,"9,169,271"
"May 10, 2022",11.11,11.40,10.26,10.83,+0.74,"5,488,407"
"May 09, 2022",11.83,11.89,10.59,10.75,-12.81,"6,508,636"
"May 06, 2022",12.96,13.03,12.02,12.33,-6.16,"4,991,040"
"May 05, 2022",14.20,14.20,12.78,13.14,-9.44,"2,717,116"
"May 04, 2022",14.35,14.61,12.81,14.51,+0.83,"6,475,283"
"May 03, 2022",14.80,14.99,14.14,14.39,-3.03,"2,085,223"
"May 02, 2022",14.52,14.88,14.24,14.84,+0.88,"4,354,621"
"Apr. 29, 2022",15.09,15.75,14.67,14.71,-3.41,"1,829,685"
"Apr. 28, 2022",15.01,15.46,14.54,15.23,+3.04,"2,466,931"
"Apr. 27, 2022",14.77,15.15,14.55,14.78,-0.07,"2,837,233"
"Apr. 26, 2022",15.12,15.19,14.37,14.79,-3.96,"3,193,965"
"Apr. 25, 2022",14.50,15.43,14.46,15.40,+5.91,"3,376,724"
"Apr. 22, 2022",15.09,15.33,14.33,14.54,-3.77,"3,220,421"
"Apr. 21, 2022",16.53,16.96,15.00,15.11,-7.58,"3,074,801"
"Apr. 20, 2022",17.31,17.54,16.34,16.35,-6.84,"1,565,446"
"Apr. 19, 2022",16.50,17.75,16.46,17.55,+5.28,"2,169,113"
"Apr. 18, 2022",16.89,17.09,16.34,16.67,-2.51,"1,742,390"
"Apr. 14, 2022",17.74,17.95,16.99,17.10,-2.79,"3,351,032"
"Apr. 13, 2022",17.12,17.70,17.10,17.59,+0.98,"2,364,436"
"Apr. 12, 2022",18.40,18.55,17.14,17.42,-2.63,"2,719,770"
"Apr. 11, 2022",17.98,18.33,17.44,17.89,-1.60,"1,909,900"
"Apr. 08, 2022",19.16,19.31,17.95,18.18,-4.21,"1,991,280"
"Apr. 07, 2022",19.40,19.66,17.94,18.98,-5.85,"5,056,557"
"Apr. 06, 2022",19.79,20.23,19.14,20.16,-0.79,"3,273,124"
"Apr. 05, 2022",21.27,21.48,19.89,20.32,-5.58,"3,350,197"
"Apr. 04, 2022",20.98,21.66,20.58,21.52,+2.09,"3,330,829"
"Apr. 01, 2022",20.34,21.97,20.34,21.08,+5.14,"3,699,842"
"Mar. 31, 2022",20.19,20.29,19.66,20.05,+0.10,"3,555,914"
"Mar. 30, 2022",20.76,21.55,19.86,20.03,-2.05,"5,613,583"
"Mar. 29, 2022",20.56,20.77,19.72,20.45,+3.49,"16,279,629"
"Mar. 28, 2022",19.91,20.19,19.02,19.76,+0.20,"6,768,596"
"Mar. 25, 2022",21.39,21.62,19.08,19.72,-8.91,"8,603,389"
"Mar. 24, 2022",20.20,22.28,19.86,21.65,+7.18,"7,642,450"
"Mar. 23, 2022",18.18,20.91,17.83,20.20,+8.54,"9,375,076"
"Mar. 22, 2022",17.01,18.86,17.01,18.61,+9.15,"5,948,588"
"Mar. 21, 2022",17.52,17.79,16.84,17.05,-4.48,"4,953,223"
"Mar. 18, 2022",15.17,18.09,15.12,17.85,+22.51,"12,120,435"
"Mar. 17, 2022",14.18,14.72,13.77,14.57,+0.55,"3,505,775"
"Mar. 16, 2022",12.83,14.58,12.83,14.49,+15.83,"4,789,934"
"Mar. 15, 2022",11.85,12.61,11.85,12.51,+5.13,"2,491,042"
"Mar. 14, 2022",12.40,12.87,11.76,11.90,-5.63,"1,795,330"
"Mar. 11, 2022",13.29,13.65,12.55,12.61,-2.63,"2,065,306"
"Mar. 10, 2022",13.09,13.16,12.61,12.95,-3.65,"1,971,398"
"Mar. 09, 2022",13.01,13.73,13.01,13.44,+6.58,"2,141,001"
"Mar. 08, 2022",12.34,13.06,11.81,12.61,+2.19,"3,267,129"
"Mar. 07, 2022",13.48,13.75,12.31,12.34,-7.98,"1,994,976"
"Mar. 04, 2022",14.14,14.42,13.24,13.41,-5.96,"2,366,432"
"Mar. 03, 2022",15.54,15.54,14.22,14.26,-6.80,"2,328,882"
"Mar. 02, 2022",15.57,15.71,14.78,15.30,-1.42,"2,607,427"
"Mar. 01, 2022",15.96,16.35,15.37,15.52,-2.63,"2,482,632"
"Feb. 28, 2022",15.65,16.28,15.42,15.94,+0.19,"1,809,799"
"Feb. 25, 2022",15.68,15.93,15.24,15.91,+1.53,"1,837,710"
"Feb. 24, 2022",14.19,15.78,14.01,15.67,+4.05,"2,448,274"
"Feb. 23, 2022",15.45,15.75,15.04,15.06,-1.31,"2,807,702"
"Feb. 22, 2022",15.34,15.79,14.96,15.26,-2.99,"4,284,001"
"Feb. 18, 2022",16.34,16.48,15.50,15.73,-3.67,"5,492,281"
"Feb. 17, 2022",17.65,17.80,16.13,16.33,-7.53,"7,954,798"
"Feb. 16, 2022",18.17,18.25,17.44,17.66,-4.80,"5,506,671"
"Feb. 15, 2022",17.61,18.56,17.56,18.55,+7.47,"3,361,315"
"Feb. 14, 2022",17.16,17.77,17.02,17.26,-0.29,"1,757,308"
"Feb. 11, 2022",18.06,18.68,17.05,17.31,-2.48,"2,485,230"
"Feb. 10, 2022",17.88,19.01,17.63,17.75,-3.06,"3,809,940"
"Feb. 09, 2022",17.74,18.40,17.66,18.31,+6.45,"3,519,531"
"Feb. 08, 2022",17.28,17.49,17.04,17.20,-1.43,"3,249,069"
"Feb. 07, 2022",17.84,18.36,17.28,17.45,-2.46,"4,178,647"
"Feb. 04, 2022",17.55,18.23,16.62,17.89,+3.05,"5,067,454"
"Feb. 03, 2022",19.50,19.72,17.10,17.36,-13.76,"10,657,939"
"Feb. 02, 2022",22.49,22.61,20.13,20.13,-11.90,"4,254,735"
"Feb. 01, 2022",22.33,23.29,22.25,22.85,+1.02,"3,830,524"
"Jan. 31, 2022",20.57,22.68,20.55,22.62,+8.39,"3,101,715"
"Jan. 28, 2022",20.18,20.99,19.96,20.87,+4.35,"2,613,997"
"Jan. 27, 2022",20.42,20.77,19.62,20.00,-3.29,"2,674,011"
"Jan. 26, 2022",21.65,22.50,20.51,20.68,-0.10,"2,305,067"
"Jan. 25, 2022",20.64,21.42,19.97,20.70,-2.68,"3,052,825"
"Jan. 24, 2022",19.94,21.41,19.05,21.27,+2.56,"3,081,668"
"Jan. 21, 2022",20.99,22.07,20.73,20.74,-2.49,"2,408,007"
"Jan. 20, 2022",21.39,22.63,21.20,21.27,+1.48,"3,294,775"
"Jan. 19, 2022",20.93,22.04,20.82,20.96,+1.16,"2,411,372"
"Jan. 18, 2022",21.89,22.26,20.65,20.72,-7.71,"2,060,811"
"Jan. 14, 2022",22.60,23.59,22.09,22.45,-4.67,"1,899,696"
"Jan. 13, 2022",24.92,25.23,23.46,23.55,-4.46,"1,537,221"
"Jan. 12, 2022",24.67,25.23,24.39,24.65,+0.86,"1,387,349"
"Jan. 11, 2022",23.17,25.05,22.78,24.44,+5.48,"2,003,224"
"Jan. 10, 2022",23.24,23.24,22.02,23.17,-2.24,"2,207,162"
"Jan. 07, 2022",23.64,24.99,23.58,23.70,-0.55,"1,399,300"
"Jan. 06, 2022",23.65,24.13,22.75,23.83,+1.02,"3,286,787"
"Jan. 05, 2022",25.29,26.00,23.53,23.59,-8.14,"2,868,569"
"Jan. 04, 2022",27.16,27.92,24.62,25.68,-10.21,"6,750,033"
"Jan. 03, 2022",26.48,28.68,26.25,28.60,+9.08,"2,564,076"
"Dec. 31, 2021",26.63,27.24,26.18,26.22,-2.56,"982,175"
"Dec. 30, 2021",25.40,27.43,25.35,26.91,+5.04,"1,944,956"
"Dec. 29, 2021",26.45,26.45,25.54,25.62,-2.51,"947,204"
"Dec. 28, 2021",26.75,26.98,26.02,26.28,-1.90,"1,891,898"
"Dec. 27, 2021",26.46,26.91,26.18,26.79,+0.30,"1,512,379"
"Dec. 23, 2021",25.44,27.34,25.01,26.71,+4.34,"2,893,511"
"Dec. 22, 2021",25.39,25.99,25.14,25.60,+0.08,"1,565,898"
"Dec. 21, 2021",24.38,26.13,24.35,25.58,+5.92,"2,404,294"
"Dec. 20, 2021",24.51,24.95,24.13,24.15,-4.05,"2,076,618"
"Dec. 17, 2021",24.71,25.93,24.54,25.17,-0.16,"6,076,431"
"Dec. 16, 2021",27.34,27.42,25.06,25.21,-8.39,"2,591,431"
"Dec. 15, 2021",26.52,27.54,25.46,27.52,+3.97,"1,820,738"
"Dec. 14, 2021",26.81,27.30,26.37,26.47,-3.25,"1,769,161"
"Dec. 13, 2021",27.60,28.73,26.56,27.36,-2.43,"1,739,467"
"Dec. 10, 2021",28.32,29.20,27.73,28.04,-0.07,"4,613,702"
"Dec. 09, 2021",28.42,29.28,27.94,28.06,-2.70,"2,806,828"
"Dec. 08, 2021",28.03,29.14,27.79,28.84,+2.96,"2,437,153"
"Dec. 07, 2021",27.34,28.55,27.02,28.01,+7.28,"4,450,429"
"Dec. 06, 2021",24.80,26.35,24.14,26.11,+5.28,"3,102,767"
"Dec. 03, 2021",26.46,26.56,24.57,24.80,-5.78,"4,968,986"
"Dec. 02, 2021",24.84,26.50,24.84,26.32,+6.00,"2,425,631"
"Dec. 01, 2021",26.44,27.30,24.74,24.83,-2.86,"4,198,016"
"Nov. 30, 2021",25.85,26.53,24.73,25.56,-2.22,"4,535,409"
"Nov. 29, 2021",27.21,27.66,25.74,26.14,-2.64,"3,101,056"
"Nov. 26, 2021",26.89,28.10,26.61,26.85,-3.24,"1,745,185"
"Nov. 24, 2021",26.45,27.92,26.28,27.75,+3.43,"2,651,405"
"Nov. 23, 2021",27.73,28.22,26.05,26.83,-2.90,"4,541,195"
"Nov. 22, 2021",28.81,29.25,27.35,27.63,-7.03,"5,202,890"
"Nov. 19, 2021",30.81,31.26,29.65,29.72,-3.26,"5,058,631"
"Nov. 18, 2021",32.84,32.92,30.45,30.72,-5.62,"4,326,317"
"Nov. 17, 2021",35.14,35.34,31.82,32.55,-9.53,"5,538,774"
"Nov. 16, 2021",36.90,36.90,35.05,35.98,-3.20,"2,452,125"
"Nov. 15, 2021",35.17,37.64,35.06,37.17,+5.33,"2,364,291"
"Nov. 12, 2021",36.06,36.75,35.19,35.29,+3.70,"5,184,037"
"Nov. 11, 2021",33.63,34.20,33.35,34.03,+1.76,"1,773,389"
"Nov. 10, 2021",33.80,34.38,32.61,33.44,-1.50,"1,633,256"
"Nov. 09, 2021",34.58,34.60,33.55,33.95,-1.96,"1,908,445"
"Nov. 08, 2021",34.59,34.96,34.38,34.63,+0.49,"989,531"
"Nov. 05, 2021",34.11,34.97,33.91,34.46,+2.10,"1,127,094"
"Nov. 04, 2021",34.54,35.00,33.30,33.75,-2.03,"1,719,444"
"Nov. 03, 2021",35.07,35.53,34.23,34.45,-1.82,"2,845,093"
"Nov. 02, 2021",36.51,36.51,34.56,35.09,-3.81,"1,530,414"
"Nov. 01, 2021",36.31,37.05,35.81,36.48,+0.77,"2,135,159"
"Oct. 29, 2021",36.63,37.37,35.93,36.20,-1.17,"2,080,610"
"Oct. 28, 2021",36.60,37.67,36.26,36.63,+1.44,"2,147,854"
"Oct. 27, 2021",38.73,38.73,35.20,36.11,-6.74,"8,404,210"
"Oct. 26, 2021",39.32,39.33,38.50,38.72,-0.59,"2,503,490"
"Oct. 25, 2021",38.01,38.99,38.00,38.95,+3.32,"1,653,709"
"Oct. 22, 2021",38.86,39.00,36.34,37.70,-3.58,"2,308,614"
"Oct. 21, 2021",39.11,39.56,38.95,39.10,-0.76,"2,797,350"
"Oct. 20, 2021",37.90,39.91,37.76,39.40,+4.45,"4,076,620"
"Oct. 19, 2021",36.80,37.73,36.20,37.72,+3.14,"3,951,766"
"Oct. 18, 2021",37.20,37.34,36.00,36.57,-1.93,"2,565,768"
"Oct. 15, 2021",37.03,38.12,35.66,37.29,+6.09,"5,280,080"
"Oct. 14, 2021",35.28,36.42,34.29,35.15,+0.95,"4,531,357"
"Oct. 13, 2021",36.95,37.22,34.58,34.82,-5.79,"8,091,777"
"Oct. 12, 2021",34.04,37.09,33.60,36.96,+14.18,"9,924,384"
"Oct. 11, 2021",35.62,36.51,31.10,32.37,-11.48,"23,679,816"
"Oct. 08, 2021",44.70,45.00,36.33,36.57,-19.02,"17,449,115"
"Oct. 07, 2021",45.98,47.41,44.25,45.16,+0.31,"10,782,027"
"Oct. 06, 2021",45.04,45.76,44.41,45.02,-2.60,"3,237,036"
"Oct. 05, 2021",49.47,49.77,45.87,46.22,-6.49,"4,434,420"
"Oct. 04, 2021",52.20,52.20,49.16,49.43,-6.36,"1,673,901"
"Oct. 01, 2021",52.34,53.05,51.67,52.79,+2.07,"581,948"
"Sep. 30, 2021",51.99,52.55,51.50,51.72,-0.40,"792,941"
"Sep. 29, 2021",53.23,53.77,51.41,51.93,-2.26,"1,093,918"
"Sep. 28, 2021",55.28,55.44,52.40,53.13,-5.70,"1,591,974"
"Sep. 27, 2021",56.36,56.74,55.09,56.34,-0.74,"1,075,377"
"Sep. 24, 2021",57.09,57.20,56.16,56.76,-0.98,"408,352"
"Sep. 23, 2021",57.30,57.87,56.52,57.32,+1.04,"1,324,596"
"Sep. 22, 2021",55.24,57.35,55.03,56.73,+2.14,"559,575"
"Sep. 21, 2021",56.12,56.35,54.65,55.54,-0.07,"525,885"
"Sep. 20, 2021",54.91,56.10,53.85,55.58,-1.61,"1,525,418"
"Sep. 17, 2021",55.64,56.74,55.34,56.49,+1.38,"1,644,330"
"Sep. 16, 2021",54.61,55.73,53.80,55.72,+1.46,"900,140"
"Sep. 15, 2021",54.48,55.12,53.75,54.92,+0.68,"837,941"
"Sep. 14, 2021",56.32,56.35,53.86,54.55,-2.45,"1,111,204"
"Sep. 13, 2021",56.39,56.56,54.92,55.92,-0.11,"623,739"
"Sep. 10, 2021",56.68,57.67,55.93,55.98,-0.73,"1,337,588"
"Sep. 09, 2021",55.63,56.88,55.50,56.39,+1.15,"1,279,483"
"Sep. 08, 2021",57.86,57.86,55.73,55.75,-3.86,"2,055,034"
"Sep. 07, 2021",58.78,58.78,57.51,57.99,-0.82,"1,239,411"
"Sep. 03, 2021",58.81,59.57,58.11,58.47,-1.12,"1,221,797"
"Sep. 02, 2021",60.47,60.74,58.91,59.13,-2.23,"918,363"
"Sep. 01, 2021",60.59,61.53,60.01,60.48,+1.70,"1,151,021"
"Aug. 31, 2021",59.99,60.60,58.78,59.47,-1.38,"976,342"
"Aug. 30, 2021",61.08,61.65,59.96,60.30,-1.03,"843,907"
"Aug. 27, 2021",58.50,61.00,58.35,60.93,+5.45,"1,200,416"
"Aug. 26, 2021",58.96,59.16,57.58,57.78,-2.48,"329,478"
"Aug. 25, 2021",58.38,59.36,57.40,59.25,+1.86,"842,160"
"Aug. 24, 2021",57.77,58.69,57.22,58.17,+1.34,"1,164,201"
"Aug. 23, 2021",57.37,58.15,56.59,57.40,+0.93,"1,209,536"
"Aug. 20, 2021",55.93,56.91,55.86,56.87,+1.35,"695,576"
"Aug. 19, 2021",56.24,56.76,55.78,56.11,-1.37,"755,473"
"Aug. 18, 2021",56.00,57.89,55.28,56.89,+1.48,"1,846,273"
"Aug. 17, 2021",55.68,56.50,54.31,56.06,-0.90,"1,875,255"
"Aug. 16, 2021",57.84,58.52,55.54,56.57,-3.83,"1,357,571"
"Aug. 13, 2021",59.00,60.87,57.95,58.82,+3.03,"3,488,674"
"Aug. 12, 2021",57.77,57.92,55.69,57.09,-1.77,"1,994,256"
"Aug. 11, 2021",57.63,58.49,56.44,58.12,+0.55,"1,468,264"
"Aug. 10, 2021",57.89,58.30,57.05,57.80,+0.40,"1,901,439"
"Aug. 09, 2021",57.11,58.19,56.50,57.57,+1.52,"1,406,702"
"Aug. 06, 2021",56.00,57.01,55.82,56.71,+1.30,"918,104"
"Aug. 05, 2021",55.20,56.73,54.87,55.98,+1.38,"707,632"
"Aug. 04, 2021",55.90,56.77,55.03,55.22,-1.15,"705,963"
"Aug. 03, 2021",56.92,57.11,54.67,55.86,-2.33,"794,492"
"Aug. 02, 2021",56.86,57.61,56.28,57.19,+3.16,"1,216,243"
"Jul. 30, 2021",56.22,56.79,55.29,55.44,-2.12,"936,714"
"Jul. 29, 2021",54.98,57.17,54.84,56.64,+3.08,"1,029,971"
"Jul. 28, 2021",53.97,55.70,53.79,54.95,+2.73,"1,461,851"
"Jul. 27, 2021",55.56,56.05,52.67,53.49,-4.94,"2,614,515"
"Jul. 26, 2021",57.58,57.88,55.97,56.27,-3.28,"1,322,347"
"Jul. 23, 2021",58.17,58.66,57.62,58.18,+0.90,"1,093,243"
"Jul. 22, 2021",57.37,58.07,57.12,57.66,+0.93,"1,033,798"
"Jul. 21, 2021",55.52,57.37,55.31,57.13,+3.29,"2,037,074"
"Jul. 20, 2021",51.47,55.80,50.73,55.31,+8.51,"2,730,227"
"Jul. 19, 2021",50.40,51.59,49.58,50.97,-1.03,"1,459,166"
"Jul. 16, 2021",51.24,51.65,50.02,51.50,+1.44,"995,323"
"Jul. 15, 2021",51.35,51.99,50.09,50.77,-1.72,"1,521,652"
"Jul. 14, 2021",53.00,53.40,51.40,51.66,-0.69,"1,448,330"
"Jul. 13, 2021",51.75,52.49,51.22,52.02,+0.48,"737,707"
"Jul. 12, 2021",53.54,53.94,51.16,51.77,-3.40,"1,272,841"
"Jul. 09, 2021",51.60,53.67,50.20,53.59,+3.84,"2,648,453"
"Jul. 08, 2021",54.84,54.96,45.57,51.61,-7.94,"13,484,771"
"Jul. 07, 2021",57.02,57.46,55.79,56.06,-1.16,"856,806"
"Jul. 06, 2021",57.50,58.48,56.56,56.72,-1.95,"945,417"
"Jul. 02, 2021",57.08,58.07,57.07,57.85,+1.44,"1,187,975"
"Jul. 01, 2021",55.74,57.20,55.45,57.03,+1.98,"2,099,173"
"Jun. 30, 2021",55.94,56.08,54.76,55.92,-0.78,"2,450,247"
"Jun. 29, 2021",55.23,56.53,54.76,56.36,+1.49,"1,474,865"
"Jun. 28, 2021",56.91,56.95,54.78,55.53,-1.59,"1,280,499"
"Jun. 25, 2021",56.46,56.86,55.47,56.43,+0.12,"1,070,644"
"Jun. 24, 2021",55.67,56.92,55.37,56.36,+2.18,"4,352,133"
"Jun. 23, 2021",55.22,55.76,54.50,55.16,+0.20,"2,111,957"
"Jun. 22, 2021",54.88,55.17,54.16,55.05,+1.27,"869,207"
"Jun. 21, 2021",54.62,54.71,53.05,54.36,-1.34,"1,423,032"
"Jun. 18, 2021",53.46,55.11,53.46,55.10,+2.82,"3,479,805"
"Jun. 17, 2021",52.16,54.83,52.07,53.59,+2.45,"2,273,570"
"Jun. 16, 2021",51.53,52.47,50.47,52.31,+1.51,"1,647,686"
"Jun. 15, 2021",52.78,52.83,51.14,51.53,-3.01,"1,406,606"
"Jun. 14, 2021",52.67,53.34,52.41,53.13,+1.18,"985,580"
"Jun. 11, 2021",52.23,53.15,52.12,52.51,+0.38,"1,666,146"
"Jun. 10, 2021",51.32,52.35,50.93,52.31,+1.63,"907,133"
"Jun. 09, 2021",51.97,52.52,51.32,51.47,-0.39,"974,292"
"Jun. 08, 2021",52.45,52.76,50.36,51.67,-0.58,"3,222,190"
"Jun. 07, 2021",52.32,52.49,51.30,51.97,+0.15,"2,096,065"
"Jun. 04, 2021",53.01,53.39,51.82,51.89,-1.59,"3,190,674"
"Jun. 03, 2021",51.00,54.15,49.60,52.73,+3.60,"4,627,798"
"Jun. 02, 2021",48.57,50.94,48.05,50.90,+4.60,"3,445,705"
"Jun. 01, 2021",49.75,50.83,48.18,48.66,-0.92,"2,428,106"
"May 28, 2021",49.31,49.73,48.46,49.11,+0.20,"1,554,630"
"May 27, 2021",47.89,50.19,47.01,49.01,+1.60,"3,452,464"
"May 26, 2021",47.50,48.50,47.26,48.24,+3.14,"1,980,567"
"May 25, 2021",45.70,47.37,45.58,46.77,+2.77,"1,447,860"
"May 24, 2021",46.78,46.99,45.36,45.51,-1.07,"2,443,334"
"May 21, 2021",45.73,46.74,45.68,46.00,+1.59,"2,598,146"
"May 20, 2021",43.72,46.22,43.55,45.28,+5.03,"4,524,123"
"May 19, 2021",40.91,43.61,40.60,43.11,+2.64,"2,544,489"
"May 18, 2021",41.71,42.60,41.21,42.00,+1.30,"2,128,838"
"May 17, 2021",40.51,41.61,40.07,41.46,+1.17,"1,897,168"
"May 14, 2021",39.57,41.05,39.08,40.98,+6.33,"2,869,675"
"May 13, 2021",40.25,40.42,37.83,38.54,-2.73,"3,560,479"
"May 12, 2021",40.81,41.33,39.34,39.62,-5.17,"1,746,788"
"May 11, 2021",40.78,42.25,40.01,41.78,-1.35,"3,750,156"
"May 10, 2021",42.86,43.10,41.92,42.35,-2.28,"4,852,892"
"May 07, 2021",43.03,44.19,42.59,43.34,+3.14,"1,324,558"
"May 06, 2021",42.89,43.58,40.90,42.02,-2.44,"3,357,501"
"May 05, 2021",43.99,44.01,42.90,43.07,-0.37,"741,617"
"May 04, 2021",44.03,44.30,42.78,43.23,-3.63,"1,860,177"
"May 03, 2021",46.02,46.34,44.35,44.86,-1.92,"1,658,370"
"Apr. 30, 2021",45.72,46.25,45.34,45.74,-1.57,"1,440,608"
"Apr. 29, 2021",48.85,48.94,45.75,46.47,-3.79,"1,630,586"
"Apr. 28, 2021",48.17,48.85,47.62,48.30,-0.17,"2,287,950"
"Apr. 27, 2021",48.06,48.69,47.21,48.38,+1.70,"2,002,801"
"Apr. 26, 2021",45.83,47.57,45.83,47.57,+4.07,"1,761,282"
"Apr. 23, 2021",45.20,46.29,44.94,45.71,+1.13,"2,755,934"
"Apr. 22, 2021",45.19,45.95,44.29,45.20,+0.47,"1,562,584"
"Apr. 21, 2021",43.52,45.03,43.23,44.99,+2.95,"4,309,228"
"Apr. 20, 2021",44.35,44.86,43.18,43.70,-2.02,"1,907,401"
"Apr. 19, 2021",46.02,46.29,44.17,44.60,-3.69,"1,896,349"
"Apr. 16, 2021",46.42,46.72,45.55,46.31,-0.19,"1,380,268"
"Apr. 15, 2021",46.90,46.90,45.96,46.40,+1.09,"1,032,969"
"Apr. 14, 2021",46.78,47.87,45.57,45.90,-2.55,"1,375,322"
"Apr. 13, 2021",46.17,47.45,45.72,47.10,+1.20,"1,558,208"
"Apr. 12, 2021",47.51,47.51,46.23,46.54,-2.88,"1,637,817"
"Apr. 09, 2021",48.06,48.65,47.11,47.92,-0.62,"1,387,482"
"Apr. 08, 2021",47.45,48.55,47.26,48.22,+2.88,"1,386,000"
"Apr. 07, 2021",48.07,48.56,46.71,46.87,-2.96,"867,846"
"Apr. 06, 2021",47.66,48.54,47.16,48.30,+1.39,"2,132,044"
"Apr. 05, 2021",49.00,49.32,46.71,47.64,-1.83,"1,240,789"
"Apr. 01, 2021",47.44,49.34,47.20,48.53,+4.82,"2,493,867"
"Mar. 31, 2021",46.09,47.29,46.09,46.30,+1.49,"2,119,564"
"Mar. 30, 2021",44.15,45.90,43.81,45.62,+2.98,"2,071,107"
"Mar. 29, 2021",45.94,45.99,43.60,44.30,-3.67,"2,534,395"
"Mar. 26, 2021",46.28,46.91,45.14,45.99,-0.35,"1,567,820"
"Mar. 25, 2021",44.51,46.58,44.32,46.15,+1.34,"2,441,947"
"Mar. 24, 2021",47.50,48.08,45.44,45.54,-3.76,"2,008,867"
"Mar. 23, 2021",47.50,48.46,47.00,47.32,-0.98,"1,848,293"
"Mar. 22, 2021",48.25,48.96,47.63,47.79,-0.91,"1,106,280"
"Mar. 19, 2021",47.52,48.66,46.80,48.23,+2.44,"1,869,835"
"Mar. 18, 2021",49.32,49.64,46.98,47.08,-6.18,"4,557,657"
"Mar. 17, 2021",49.54,50.71,48.57,50.18,-0.67,"2,171,328"
"Mar. 16, 2021",51.84,52.82,50.10,50.52,-1.81,"923,270"
"Mar. 15, 2021",52.00,52.00,50.83,51.45,-0.56,"954,371"
"Mar. 12, 2021",50.56,52.46,50.23,51.74,-0.88,"2,223,859"
"Mar. 11, 2021",51.50,53.27,50.67,52.20,+5.28,"2,942,338"
"Mar. 10, 2021",52.28,52.84,49.49,49.58,-3.82,"3,500,491"
"Mar. 09, 2021",51.35,52.43,50.85,51.55,+4.27,"2,199,377"
"Mar. 08, 2021",52.34,53.52,49.19,49.44,-6.89,"2,215,070"
"Mar. 05, 2021",53.82,53.82,47.64,53.10,+0.89,"3,643,125"
"Mar. 04, 2021",55.44,56.65,51.19,52.63,-5.41,"2,668,860"
"Mar. 03, 2021",59.57,59.95,54.62,55.64,-7.44,"3,406,765"
"Mar. 02, 2021",62.00,62.49,58.63,60.11,-2.56,"1,815,868"
"Mar. 01, 2021",59.19,62.33,59.10,61.69,+6.25,"2,162,700"
"Feb. 26, 2021",56.42,58.97,56.02,58.06,+4.99,"3,357,937"
"Feb. 25, 2021",57.98,58.50,54.68,55.30,-4.56,"2,779,482"
"Feb. 24, 2021",57.86,58.44,56.68,57.94,-0.19,"1,740,485"
"Feb. 23, 2021",57.42,58.75,54.47,58.05,-0.51,"1,440,192"
"Feb. 22, 2021",58.66,61.42,57.10,58.35,-5.04,"2,589,520"
"Feb. 19, 2021",59.89,61.93,59.59,61.45,+2.88,"1,489,151"
"Feb. 18, 2021",60.99,60.99,58.44,59.73,-2.08,"1,007,722"
"Feb. 17, 2021",61.50,62.04,58.80,61.00,-0.83,"1,121,730"
"Feb. 16, 2021",62.29,62.75,60.64,61.51,-0.50,"853,110"
"Feb. 12, 2021",61.62,62.65,61.20,61.82,-0.16,"684,492"
"Feb. 11, 2021",61.98,62.83,61.01,61.92,+0.70,"1,459,758"
"Feb. 10, 2021",60.32,62.37,59.55,61.49,+3.45,"2,828,692"
"Feb. 09, 2021",56.83,60.00,56.59,59.44,+3.86,"1,528,672"
"Feb. 08, 2021",57.15,58.07,56.29,57.23,+1.80,"1,012,380"
"Feb. 05, 2021",55.80,56.92,54.23,56.22,+1.77,"1,395,453"
"Feb. 04, 2021",54.00,55.86,53.50,55.24,+3.64,"3,028,295"
"Feb. 03, 2021",54.06,54.53,53.19,53.30,-1.71,"1,754,845"
"Feb. 02, 2021",53.18,54.63,52.93,54.23,+4.27,"5,636,507"
"Feb. 01, 2021",52.44,52.98,51.06,52.01,+6.25,"4,326,717"
"Jan. 29, 2021",50.00,51.36,48.36,48.95,-1.45,"3,450,982"
"Jan. 28, 2021",48.18,50.23,47.92,49.67,+5.75,"5,095,830"
"Jan. 27, 2021",51.17,51.17,46.76,46.97,-8.80,"3,359,397"
"Jan. 26, 2021",54.48,54.80,51.39,51.50,-4.51,"1,608,071"
"Jan. 25, 2021",56.23,56.33,53.29,53.93,-3.85,"1,519,150"
"Jan. 22, 2021",56.46,57.07,55.64,56.09,-1.79,"948,523"
"Jan. 21, 2021",59.38,59.38,56.69,57.11,-1.65,"1,304,252"
"Jan. 20, 2021",55.33,58.94,55.28,58.07,+5.79,"1,983,989"
"Jan. 19, 2021",54.58,55.95,53.31,54.89,+4.53,"2,262,237"
"Jan. 15, 2021",53.01,53.85,52.25,52.51,-1.67,"1,162,592"
"Jan. 14, 2021",52.86,54.57,52.86,53.40,+1.06,"1,090,064"
"Jan. 13, 2021",52.77,53.43,52.48,52.84,+0.11,"1,331,754"
"Jan. 12, 2021",52.86,53.49,52.48,52.78,-0.19,"1,531,376"
"Jan. 11, 2021",53.79,54.00,52.41,52.88,-3.15,"2,287,075"
"Jan. 08, 2021",54.84,55.15,53.73,54.60,+1.49,"3,821,780"
"Jan. 07, 2021",53.00,55.41,52.61,53.80,+2.93,"3,171,730"
"Jan. 06, 2021",53.83,54.37,51.72,52.27,-3.90,"1,568,850"
"Jan. 05, 2021",54.34,55.23,54.25,54.39,-0.20,"1,648,662"
"Jan. 04, 2021",56.65,56.93,53.64,54.50,-4.18,"1,428,365"
"Dec. 31, 2020",55.82,57.46,55.45,56.88,+1.70,"2,303,415"
"Dec. 30, 2020",54.67,55.99,54.39,55.93,+3.29,"994,133"
"Dec. 29, 2020",55.15,55.23,53.16,54.15,-0.86,"562,378"
"Dec. 28, 2020",54.47,55.06,53.01,54.62,+1.49,"1,116,919"
"Dec. 24, 2020",53.87,54.34,53.57,53.82,-0.06,"333,978"
"Dec. 23, 2020",54.83,55.72,53.55,53.85,-1.73,"915,152"
"Dec. 22, 2020",54.23,55.14,53.77,54.80,+1.35,"781,918"
"Dec. 21, 2020",53.93,55.22,52.94,54.07,-0.55,"1,293,910"
"Dec. 18, 2020",54.54,56.00,54.00,54.37,-0.38,"2,317,650"
"Dec. 17, 2020",54.50,55.22,53.75,54.58,+1.19,"1,519,719"
"Dec. 16, 2020",53.13,54.27,52.10,53.94,+2.28,"1,272,865"
"Dec. 15, 2020",50.60,53.00,50.33,52.74,+5.82,"2,406,167"
"Dec. 14, 2020",47.93,50.86,47.70,49.84,+5.10,"1,829,020"
"Dec. 11, 2020",46.26,48.03,46.26,47.42,+1.78,"1,486,540"
"Dec. 10, 2020",46.21,47.11,45.30,46.59,+0.28,"2,775,572"
"Dec. 09, 2020",48.26,48.95,46.24,46.46,-3.79,"2,675,575"
"Dec. 08, 2020",47.38,48.67,46.52,48.29,+1.90,"1,390,255"
"Dec. 07, 2020",48.02,48.56,47.02,47.39,-1.62,"515,713"
"Dec. 04, 2020",48.22,48.74,48.00,48.17,+0.67,"742,104"
"Dec. 03, 2020",48.92,49.08,47.76,47.85,-0.25,"1,282,893"
"Dec. 02, 2020",47.83,48.95,47.79,47.97,-0.97,"762,366"
"Dec. 01, 2020",48.24,49.75,47.38,48.44,+2.28,"1,769,124"
"Nov. 30, 2020",47.99,48.14,46.14,47.36,-0.67,"1,500,096"
"Nov. 27, 2020",48.18,48.62,47.27,47.68,-0.96,"946,377"
"Nov. 25, 2020",47.16,48.92,46.94,48.14,+3.26,"1,920,826"
"Nov. 24, 2020",44.60,46.86,43.74,46.62,+5.95,"2,413,154"
"Nov. 23, 2020",42.99,44.22,42.39,44.00,+3.36,"1,609,857"
"Nov. 20, 2020",44.02,44.02,42.20,42.57,-3.12,"2,445,761"
"Nov. 19, 2020",43.99,45.09,42.22,43.94,0.00,"4,600,347"
"Nov. 18, 2020",45.19,45.51,43.80,43.94,-2.87,"2,374,611"
"Nov. 17, 2020",43.79,45.49,43.79,45.24,+2.31,"2,579,766"
"Nov. 16, 2020",44.09,44.81,43.60,44.22,+1.33,"1,486,731"
"Nov. 13, 2020",43.69,44.09,42.97,43.64,+0.62,"906,565"
"Nov. 12, 2020",44.08,44.90,42.70,43.37,-2.06,"1,199,066"
"Nov. 11, 2020",44.29,45.31,43.90,44.28,+1.07,"1,445,061"
"Nov. 10, 2020",43.32,44.02,41.12,43.81,+0.48,"2,954,382"
"Nov. 09, 2020",45.16,45.51,43.16,43.60,-1.40,"2,912,651"
"Nov. 06, 2020",43.88,44.72,43.04,44.22,+1.35,"1,222,442"
"Nov. 05, 2020",42.13,43.73,41.72,43.63,+6.83,"1,366,189"
"Nov. 04, 2020",39.44,41.72,39.44,40.84,+5.80,"1,834,296"
"Nov. 03, 2020",37.95,39.47,37.50,38.60,+2.96,"1,777,527"
"Nov. 02, 2020",37.17,37.88,36.67,37.49,+2.40,"2,225,277"
"Oct. 30, 2020",36.86,38.25,35.58,36.61,-2.03,"2,262,839"
"Oct. 29, 2020",36.72,37.98,36.54,37.37,+2.33,"990,024"
"Oct. 28, 2020",37.89,38.02,36.42,36.52,-5.90,"1,164,136"
"Oct. 27, 2020",39.21,39.64,38.57,38.81,-0.08,"699,377"
"Oct. 26, 2020",39.81,40.10,37.63,38.84,-4.05,"1,470,115"
"Oct. 23, 2020",39.57,40.59,38.81,40.48,+2.87,"1,408,429"
"Oct. 22, 2020",40.63,41.66,39.33,39.35,-2.70,"1,201,469"
"Oct. 21, 2020",39.48,40.86,39.05,40.44,+3.08,"1,129,737"
"Oct. 20, 2020",38.87,39.77,38.44,39.23,+1.26,"1,528,388"
"Oct. 19, 2020",39.79,40.52,38.65,38.74,-1.82,"688,738"
"Oct. 16, 2020",39.57,40.23,39.33,39.46,+0.69,"1,067,001"
"Oct. 15, 2020",38.64,39.59,38.60,39.19,-0.89,"1,020,761"
"Oct. 14, 2020",40.67,41.11,39.10,39.54,-2.25,"1,010,454"
"Oct. 13, 2020",40.99,41.29,40.10,40.45,-1.08,"659,635"
"Oct. 12, 2020",42.59,42.59,40.87,40.89,-2.29,"791,335"
"Oct. 09, 2020",41.00,42.82,40.57,41.85,+2.37,"947,187"
"Oct. 08, 2020",40.46,41.00,40.00,40.88,+2.20,"903,825"
"Oct. 07, 2020",39.18,40.09,38.39,40.00,+3.82,"1,246,705"
"Oct. 06, 2020",38.99,39.79,38.22,38.53,-0.64,"756,817"
"Oct. 05, 2020",38.34,38.94,37.73,38.78,+0.67,"842,824"
"Oct. 02, 2020",38.03,39.00,37.88,38.52,-1.58,"1,372,801"
"Oct. 01, 2020",38.40,39.34,38.02,39.14,+3.79,"1,996,874"
"Sep. 30, 2020",37.81,38.88,37.09,37.71,+0.45,"1,733,650"
"Sep. 29, 2020",37.80,37.92,37.11,37.54,-0.50,"733,365"
"Sep. 28, 2020",38.28,38.74,37.49,37.73,+1.15,"844,223"
"Sep. 25, 2020",36.44,37.68,35.81,37.30,+2.56,"967,912"
"Sep. 24, 2020",35.79,36.85,35.52,36.37,+0.11,"1,072,914"
"Sep. 23, 2020",38.50,38.89,36.32,36.33,-6.46,"1,136,740"
"Sep. 22, 2020",37.97,39.03,37.44,38.84,+3.52,"832,527"
"Sep. 21, 2020",36.28,37.73,35.50,37.52,+0.05,"766,751"
"Sep. 18, 2020",37.45,37.75,36.72,37.50,+0.03,"1,236,863"
"Sep. 17, 2020",36.28,37.72,36.26,37.49,+0.64,"2,320,385"
"Sep. 16, 2020",37.59,38.01,37.12,37.25,-0.03,"1,830,091"
"Sep. 15, 2020",37.03,37.55,36.62,37.26,+2.67,"1,941,191"
"Sep. 14, 2020",35.85,36.47,35.67,36.29,+3.21,"1,626,862"
"Sep. 11, 2020",36.76,36.76,34.92,35.16,-4.07,"1,927,740"
"Sep. 10, 2020",37.68,38.55,36.48,36.65,-1.64,"1,042,390"
"Sep. 09, 2020",38.05,38.17,36.39,37.26,-0.21,"1,815,673"
"Sep. 08, 2020",36.23,38.34,35.47,37.34,-4.55,"2,216,958"
"Sep. 04, 2020",40.01,40.91,37.30,39.12,-1.76,"1,943,481"
"Sep. 03, 2020",41.80,42.00,39.13,39.82,-6.24,"2,796,803"
"Sep. 02, 2020",44.25,44.36,41.59,42.47,-3.04,"2,114,557"
"Sep. 01, 2020",42.63,44.38,42.32,43.80,+3.94,"1,279,824"
"Aug. 31, 2020",44.27,44.36,41.85,42.14,-4.68,"1,981,766"
"Aug. 28, 2020",45.51,45.76,43.08,44.21,+0.05,"3,546,110"
"Aug. 27, 2020",44.84,45.04,43.51,44.19,0.00,"1,711,231"
"Aug. 26, 2020",45.34,45.46,43.98,44.19,-1.25,"1,738,205"
"Aug. 25, 2020",43.82,44.79,43.14,44.75,+2.12,"1,641,112"
"Aug. 24, 2020",43.86,44.06,43.30,43.82,+1.69,"1,956,483"
"Aug. 21, 2020",41.98,43.13,41.98,43.09,+2.57,"1,328,059"
"Aug. 20, 2020",41.30,42.03,40.90,42.01,+0.33,"1,107,415"
"Aug. 19, 2020",43.20,44.13,41.59,41.87,-1.92,"1,648,959"
"Aug. 18, 2020",41.29,43.09,41.02,42.69,+3.74,"2,058,262"
"Aug. 17, 2020",39.98,41.66,39.75,41.15,+4.05,"1,722,346"
"Aug. 14, 2020",40.02,40.22,39.45,39.55,-1.42,"927,591"
"Aug. 13, 2020",39.16,40.37,38.93,40.12,+2.50,"1,803,866"
"Aug. 12, 2020",38.00,39.79,38.00,39.14,+3.71,"1,452,796"
"Aug. 11, 2020",38.51,39.19,36.87,37.74,-1.31,"1,336,603"
"Aug. 10, 2020",40.65,41.20,37.79,38.24,-4.92,"1,404,754"
"Aug. 07, 2020",40.01,41.41,39.41,40.22,-0.69,"1,480,335"
"Aug. 06, 2020",39.42,40.75,39.03,40.50,+2.51,"1,662,902"
"Aug. 05, 2020",39.50,40.25,38.71,39.51,+1.31,"1,290,083"
"Aug. 04, 2020",38.68,39.14,37.98,39.00,+0.75,"1,134,386"
"Aug. 03, 2020",38.49,39.16,38.01,38.71,+1.26,"1,339,138"
"Jul. 31, 2020",39.60,39.60,37.39,38.23,-2.99,"1,382,109"
"Jul. 30, 2020",38.88,39.80,38.19,39.41,-0.28,"1,034,573"
"Jul. 29, 2020",38.29,39.66,38.02,39.52,+4.91,"1,564,890"
"Jul. 28, 2020",38.21,38.62,37.65,37.67,-0.61,"764,592"
"Jul. 27, 2020",37.60,38.38,37.46,37.90,+2.05,"1,566,655"
"Jul. 24, 2020",36.75,37.45,36.05,37.14,-0.32,"527,530"
"Jul. 23, 2020",38.24,39.02,36.89,37.26,-3.65,"988,450"
"Jul. 22, 2020",37.90,38.78,37.66,38.67,+2.11,"808,237"
"Jul. 21, 2020",38.64,38.68,37.66,37.87,-0.92,"699,868"
"Jul. 20, 2020",36.15,38.42,36.15,38.22,+5.84,"1,384,556"
"Jul. 17, 2020",35.46,36.17,35.12,36.11,+2.97,"1,084,772"
"Jul. 16, 2020",35.63,35.63,34.53,35.07,-2.47,"1,124,360"
"Jul. 15, 2020",36.15,36.70,35.36,35.96,+2.19,"1,291,034"
"Jul. 14, 2020",34.55,35.24,33.78,35.19,+0.23,"1,415,126"
"Jul. 13, 2020",37.70,37.90,34.91,35.11,-5.54,"2,825,220"
"Jul. 10, 2020",37.68,37.70,36.72,37.17,-0.88,"836,133"
"Jul. 09, 2020",39.17,39.18,37.34,37.50,-3.08,"995,302"
"Jul. 08, 2020",38.88,39.54,38.11,38.69,-0.26,"1,569,041"
"Jul. 07, 2020",37.98,40.47,37.57,38.79,+2.38,"2,443,343"
"Jul. 06, 2020",38.20,39.06,37.77,37.89,+1.15,"2,575,551"
"Jul. 02, 2020",36.00,37.73,35.91,37.46,+4.23,"2,912,400"
"Jul. 01, 2020",35.39,35.97,35.12,35.94,+1.70,"1,661,432"
"Jun. 30, 2020",34.83,35.68,34.83,35.34,+0.51,"966,839"
"Jun. 29, 2020",34.64,35.21,33.72,35.16,+2.60,"1,281,718"
"Jun. 26, 2020",35.33,35.55,34.15,34.27,-3.44,"696,195"
"Jun. 25, 2020",34.99,35.67,34.39,35.49,+1.40,"819,161"
"Jun. 24, 2020",35.81,36.06,34.42,35.00,-3.71,"2,318,300"
"Jun. 23, 2020",36.43,36.93,36.01,36.35,+1.03,"2,903,572"
"Jun. 22, 2020",36.25,36.68,35.87,35.98,-0.42,"1,417,231"
"Jun. 19, 2020",37.47,37.47,36.11,36.13,-0.99,"2,060,157"
"Jun. 18, 2020",36.67,37.16,36.27,36.49,-1.27,"1,766,732"
"Jun. 17, 2020",37.28,37.88,36.82,36.96,-0.59,"1,083,990"
"Jun. 16, 2020",37.67,38.12,36.13,37.18,+3.28,"1,715,864"
"Jun. 15, 2020",34.52,36.16,33.17,36.00,-2.52,"3,296,337"
"Jun. 12, 2020",36.01,37.05,35.37,36.93,+6.46,"1,443,060"
"Jun. 11, 2020",35.60,36.28,34.45,34.69,-8.54,"2,123,178"
"Jun. 10, 2020",37.66,38.54,36.37,37.93,+1.15,"1,666,994"
"Jun. 09, 2020",36.16,38.05,35.82,37.50,+1.90,"1,645,912"
"Jun. 08, 2020",36.96,37.13,35.77,36.80,+0.46,"1,434,814"
"Jun. 05, 2020",36.50,37.02,35.83,36.63,+3.21,"3,581,937"
"Jun. 04, 2020",33.64,35.56,33.64,35.49,+1.81,"1,596,833"
"Jun. 03, 2020",32.84,34.90,32.30,34.86,+7.86,"3,136,780"
"Jun. 02, 2020",33.52,33.82,31.79,32.32,-2.12,"3,264,605"
"Jun. 01, 2020",31.77,33.63,31.46,33.02,+4.07,"3,324,973"
"May 29, 2020",31.40,32.22,30.02,31.73,+6.44,"5,420,345"
"May 28, 2020",31.10,31.59,29.45,29.81,-1.49,"3,579,740"
"May 27, 2020",30.91,32.83,29.83,30.26,+7.69,"5,314,994"
"May 26, 2020",27.83,28.34,27.15,28.10,+6.84,"3,588,959"
"May 22, 2020",26.40,26.48,25.96,26.30,+0.31,"1,804,578"
"May 21, 2020",26.91,27.15,25.88,26.22,-2.64,"1,819,947"
"May 20, 2020",27.60,27.90,26.80,26.93,-1.43,"1,406,125"
"May 19, 2020",26.50,28.00,26.24,27.32,-0.07,"2,336,744"
"May 18, 2020",26.15,27.58,25.93,27.34,+10.91,"1,824,144"
"May 15, 2020",22.92,24.96,22.50,24.65,+7.17,"3,847,242"
"May 14, 2020",23.45,24.29,21.92,23.00,-2.83,"3,943,125"
"May 13, 2020",26.05,26.28,22.11,23.67,-8.96,"3,757,521"
"May 12, 2020",28.03,28.09,25.85,26.00,-6.24,"3,841,821"
"May 11, 2020",28.15,28.43,27.69,27.73,-3.14,"1,894,214"
"May 08, 2020",28.27,28.68,27.52,28.63,+2.29,"923,941"
"May 07, 2020",29.32,29.71,27.47,27.99,-2.98,"2,585,286"
"May 06, 2020",27.85,28.94,27.61,28.85,+6.14,"2,874,700"
"May 05, 2020",25.62,27.74,25.62,27.18,+4.22,"5,263,827"
"May 04, 2020",24.70,26.08,24.70,26.08,+2.03,"2,202,292"
"May 01, 2020",24.58,25.56,24.37,25.56,+0.91,"1,771,139"
"Apr. 30, 2020",24.83,25.61,24.35,25.33,-0.28,"2,467,763"
"Apr. 29, 2020",23.94,25.46,23.61,25.40,+9.96,"3,245,071"
"Apr. 28, 2020",22.51,23.36,22.14,23.10,+7.19,"1,431,999"
"Apr. 27, 2020",21.40,21.82,20.67,21.55,+4.41,"1,104,292"
"Apr. 24, 2020",22.00,22.15,20.50,20.64,-6.31,"1,885,176"
"Apr. 23, 2020",21.99,22.65,21.72,22.03,+2.32,"1,833,327"
"Apr. 22, 2020",20.76,21.72,20.43,21.53,+7.76,"1,039,545"
"Apr. 21, 2020",20.10,20.72,19.27,19.98,-5.13,"2,712,684"
"Apr. 20, 2020",21.00,21.29,20.48,21.06,-2.55,"1,301,109"
"Apr. 17, 2020",21.82,22.71,21.16,21.61,+2.61,"1,845,514"
"Apr. 16, 2020",21.22,21.57,20.46,21.06,+1.45,"1,641,525"
"Apr. 15, 2020",20.75,20.91,20.02,20.76,-2.35,"1,687,838"
"Apr. 14, 2020",21.18,22.73,21.01,21.26,+4.01,"1,884,232"
"Apr. 13, 2020",21.89,21.93,20.21,20.44,0.00,"1,445,299"
"Apr. 09, 2020",22.39,23.17,21.54,21.81,+0.37,"1,925,579"
"Apr. 08, 2020",20.28,22.32,19.77,21.73,+8.43,"2,147,683"
"Apr. 07, 2020",21.00,22.06,19.71,20.04,+1.47,"1,490,565"
"Apr. 06, 2020",18.34,19.95,18.10,19.75,+14.03,"3,125,466"
"Apr. 03, 2020",18.88,18.88,17.14,17.32,-8.36,"1,661,755"
"Apr. 02, 2020",18.27,19.66,18.06,18.90,+2.16,"1,713,237"
"Apr. 01, 2020",17.72,19.01,17.66,18.50,-4.29,"2,719,466"
"Mar. 31, 2020",19.62,19.70,18.99,19.33,-0.67,"2,069,491"
"Mar. 30, 2020",19.01,19.68,18.39,19.46,+3.40,"2,522,937"
"Mar. 27, 2020",20.33,20.51,18.75,18.82,-12.47,"2,763,278"
"Mar. 26, 2020",20.48,21.66,20.13,21.50,+7.55,"2,490,931"
"Mar. 25, 2020",17.25,21.25,17.20,19.99,+18.49,"3,981,116"
"Mar. 24, 2020",16.32,18.10,15.91,16.87,+12.84,"3,089,173"
"Mar. 23, 2020",16.10,16.27,13.81,14.95,-6.27,"4,888,321"
"Mar. 20, 2020",17.52,18.57,15.91,15.95,-5.68,"3,683,339"
"Mar. 19, 2020",15.60,17.24,13.58,16.91,+7.64,"4,049,668"
"Mar. 18, 2020",18.14,18.47,13.66,15.71,-21.17,"5,614,681"
"Mar. 17, 2020",20.82,20.99,17.69,19.93,-1.29,"3,872,896"
"Mar. 16, 2020",18.66,21.15,18.66,20.19,-13.38,"3,205,039"
"Mar. 13, 2020",23.09,23.48,21.40,23.31,+11.37,"5,587,251"
"Mar. 12, 2020",23.41,23.75,20.25,20.93,-19.31,"3,072,617"
"Mar. 11, 2020",26.36,27.16,24.92,25.94,-5.22,"2,855,112"
"Mar. 10, 2020",25.28,27.48,24.72,27.37,+13.19,"2,823,823"
"Mar. 09, 2020",26.01,26.02,22.73,24.18,-12.07,"5,273,878"
"Mar. 06, 2020",28.32,28.35,26.52,27.50,-6.81,"2,963,630"
"Mar. 05, 2020",31.77,32.33,29.40,29.51,-9.67,"1,652,513"
"Mar. 04, 2020",33.28,33.46,31.65,32.67,+0.43,"1,931,038"
"Mar. 03, 2020",32.26,33.59,31.60,32.53,+1.97,"2,640,011"
"Mar. 02, 2020",31.90,32.24,30.49,31.90,+1.69,"2,542,669"
"Feb. 28, 2020",30.43,31.63,28.61,31.37,-4.18,"9,873,017"
"Feb. 27, 2020",33.42,35.41,32.69,32.74,-5.29,"3,865,435"
"Feb. 26, 2020",33.92,35.05,33.84,34.57,+1.59,"3,386,718"
"Feb. 25, 2020",35.11,35.54,33.33,34.03,-1.87,"1,871,920"
"Feb. 24, 2020",34.10,35.29,33.80,34.68,-5.19,"1,736,735"
"Feb. 21, 2020",37.01,37.01,35.32,36.58,-1.48,"2,578,809"
"Feb. 20, 2020",36.62,37.30,35.28,37.13,+0.68,"2,562,176"
"Feb. 19, 2020",35.10,37.36,35.02,36.88,+5.76,"1,866,473"
"Feb. 18, 2020",34.96,35.32,34.41,34.87,-0.99,"588,527"
"Feb. 14, 2020",34.63,35.50,34.56,35.22,+2.29,"1,336,825"
"Feb. 13, 2020",33.27,35.05,33.19,34.43,+3.55,"1,768,780"
"Feb. 12, 2020",33.10,33.48,32.73,33.25,+0.18,"878,695"
"Feb. 11, 2020",32.73,33.50,32.69,33.19,+2.28,"933,897"
"Feb. 10, 2020",32.36,32.68,32.10,32.45,+0.59,"1,644,944"
"Feb. 07, 2020",33.10,33.40,32.08,32.26,-3.09,"1,376,629"
"Feb. 06, 2020",34.50,34.50,33.16,33.29,-3.40,"1,148,234"
"Feb. 05, 2020",34.39,34.55,33.67,34.46,+1.50,"1,692,884"
"Feb. 04, 2020",33.96,34.17,33.51,33.95,+1.80,"1,260,925"
"Feb. 03, 2020",32.56,33.65,32.56,33.35,+2.65,"1,813,150"
"Jan. 31, 2020",34.19,34.19,32.34,32.49,-5.03,"1,598,363"
"Jan. 30, 2020",33.98,34.46,33.54,34.21,-0.38,"1,238,421"
"Jan. 29, 2020",34.83,34.97,34.12,34.34,-1.07,"899,944"
"Jan. 28, 2020",33.61,34.91,33.27,34.71,+4.39,"957,560"
"Jan. 27, 2020",32.60,33.89,32.01,33.25,-4.34,"1,254,379"
"Jan. 24, 2020",35.24,36.31,34.38,34.76,-0.60,"1,889,516"
"Jan. 23, 2020",35.24,35.56,34.76,34.97,-0.65,"1,488,170"
"Jan. 22, 2020",35.52,36.39,34.94,35.20,+0.03,"2,126,909"
"Jan. 21, 2020",35.86,35.93,34.65,35.19,-2.25,"1,987,240"
"Jan. 17, 2020",36.21,36.73,35.54,36.00,-0.50,"2,596,052"
"Jan. 16, 2020",37.32,37.48,35.74,36.18,-2.03,"1,872,593"
"Jan. 15, 2020",36.73,37.50,36.52,36.93,+0.76,"1,749,656"
"Jan. 14, 2020",36.35,37.17,36.20,36.65,+1.22,"1,950,442"
"Jan. 13, 2020",36.12,36.75,36.00,36.21,+0.58,"1,512,267"
"Jan. 10, 2020",36.00,36.15,35.15,36.00,+0.17,"1,295,221"
"Jan. 09, 2020",34.86,36.20,34.63,35.94,+4.05,"1,384,139"
"Jan. 08, 2020",34.85,35.29,34.24,34.54,-0.89,"1,901,098"
"Jan. 07, 2020",35.17,35.75,34.80,34.85,-1.50,"1,316,261"
"Jan. 06, 2020",34.86,35.46,34.69,35.38,+0.43,"1,055,384"
"Jan. 03, 2020",34.69,35.68,34.69,35.23,0.00,"986,380"
"Jan. 02, 2020",34.59,35.40,34.33,35.23,+3.13,"3,484,574"
"Dec. 31, 2019",33.25,34.51,33.23,34.16,+2.74,"2,151,587"
"Dec. 30, 2019",34.31,34.38,32.53,33.25,-3.73,"2,686,576"
"Dec. 27, 2019",34.53,34.64,34.03,34.54,+0.55,"1,084,936"
"Dec. 26, 2019",33.87,34.40,33.75,34.35,+1.42,"964,953"
"Dec. 24, 2019",33.90,34.16,33.55,33.87,+0.21,"1,104,211"
"Dec. 23, 2019",33.20,34.05,33.20,33.80,+1.96,"3,617,842"
"Dec. 20, 2019",32.33,33.26,32.06,33.15,+3.50,"3,107,409"
"Dec. 19, 2019",31.88,32.37,31.82,32.03,0.00,"2,108,920"
"Dec. 18, 2019",31.86,32.32,31.75,32.03,+0.91,"3,472,253"
"Dec. 17, 2019",31.80,32.03,31.12,31.74,-0.03,"2,644,518"
"Dec. 16, 2019",30.73,32.03,30.48,31.75,+4.48,"4,356,999"
"Dec. 13, 2019",29.85,31.04,29.82,30.39,+2.05,"3,025,179"
"Dec. 12, 2019",28.79,30.10,28.79,29.78,+3.58,"4,302,804"
"Dec. 11, 2019",27.97,28.89,27.75,28.75,+2.83,"2,289,845"
"Dec. 10, 2019",28.42,28.69,27.92,27.96,-1.89,"2,684,259"
"Dec. 09, 2019",29.00,29.62,28.46,28.50,-1.11,"2,803,964"
"Dec. 06, 2019",29.00,29.54,28.63,28.82,+0.31,"4,497,954"
"Dec. 05, 2019",30.63,30.81,28.69,28.73,-6.05,"7,741,582"
"Dec. 04, 2019",31.71,32.20,30.43,30.58,-3.44,"2,889,008"
"Dec. 03, 2019",31.15,32.05,30.86,31.67,-0.25,"2,022,609"
"Dec. 02, 2019",33.72,33.82,31.65,31.75,-6.45,"6,297,252"
"Nov. 29, 2019",33.50,34.41,33.42,33.94,+0.92,"1,085,173"
"Nov. 27, 2019",32.50,33.79,32.23,33.63,+4.44,"2,778,116"
"Nov. 26, 2019",33.21,33.56,30.78,32.20,-4.34,"6,646,999"
"Nov. 25, 2019",32.75,33.80,32.56,33.66,+2.72,"2,045,112"
"Nov. 22, 2019",31.18,33.15,31.08,32.77,+5.68,"3,603,332"
"Nov. 21, 2019",30.78,32.15,30.64,31.01,+1.74,"5,140,163"
"Nov. 20, 2019",34.95,35.20,30.47,30.48,-17.08,"11,222,643"
"Nov. 19, 2019",37.75,37.98,36.40,36.76,-2.67,"3,528,170"
"Nov. 18, 2019",36.53,38.12,35.95,37.77,+3.37,"2,694,965"
"Nov. 15, 2019",37.33,37.33,35.66,36.54,+0.11,"2,429,014"
"Nov. 14, 2019",35.93,36.80,35.67,36.50,+1.11,"1,508,195"
"Nov. 13, 2019",36.00,36.22,35.24,36.10,-0.39,"2,082,930"
"Nov. 12, 2019",35.00,36.41,34.91,36.24,+3.34,"2,705,952"
"Nov. 11, 2019",34.14,35.52,33.98,35.07,+3.82,"2,146,872"
"Nov. 08, 2019",33.25,34.65,33.01,33.78,+2.27,"2,988,116"
"Nov. 07, 2019",33.99,34.35,32.99,33.03,-3.00,"3,390,275"
"Nov. 06, 2019",34.00,34.94,33.73,34.05,-0.15,"2,532,547"
"Nov. 05, 2019",35.50,35.74,33.54,34.10,-4.51,"6,588,811"
"Nov. 04, 2019",37.63,37.63,35.51,35.71,-3.93,"3,899,751"
"Nov. 01, 2019",37.50,37.68,36.90,37.17,+0.24,"2,714,641"
"Oct. 31, 2019",37.97,38.30,37.01,37.08,-2.34,"4,229,464"
"Oct. 30, 2019",37.47,38.09,36.85,37.97,+1.69,"3,765,567"
"Oct. 29, 2019",37.21,37.96,36.84,37.34,-1.01,"3,385,287"
"Oct. 28, 2019",38.50,38.56,37.26,37.72,-1.67,"1,377,718"
"Oct. 25, 2019",37.88,38.73,37.62,38.36,+0.68,"2,403,837"
"Oct. 24, 2019",38.41,39.22,37.86,38.10,-0.52,"3,181,137"
"Oct. 23, 2019",35.66,38.37,35.45,38.30,+7.55,"5,585,764"
"Oct. 22, 2019",38.67,39.25,35.27,35.61,-8.58,"5,282,764"
"Oct. 21, 2019",38.61,39.25,38.29,38.95,+0.26,"2,437,426"
"Oct. 18, 2019",40.07,40.17,38.00,38.85,-3.86,"5,207,286"
"Oct. 17, 2019",40.94,40.98,39.57,40.41,+2.23,"9,343,632"
"Oct. 16, 2019",40.10,40.35,38.02,39.53,-2.64,"8,130,572"
"Oct. 15, 2019",41.29,41.58,37.15,40.60,-12.29,"14,567,408"
"Oct. 14, 2019",45.80,46.94,45.75,46.29,+1.34,"1,101,061"
"Oct. 11, 2019",45.24,46.71,44.70,45.68,+2.77,"1,559,073"
"Oct. 10, 2019",44.66,45.48,44.31,44.45,-1.09,"961,945"
"Oct. 09, 2019",45.04,45.64,44.37,44.94,+1.51,"572,283"
"Oct. 08, 2019",45.09,45.28,44.03,44.27,-2.68,"744,983"
"Oct. 07, 2019",46.05,46.46,45.15,45.49,-1.45,"639,290"
"Oct. 04, 2019",45.31,46.29,44.53,46.16,+2.46,"869,640"
"Oct. 03, 2019",43.69,45.26,43.18,45.05,+3.23,"1,389,978"
"Oct. 02, 2019",45.43,45.67,42.89,43.64,-5.50,"2,759,845"
"Oct. 01, 2019",46.53,48.16,45.86,46.18,-0.28,"1,589,367"
"Sep. 30, 2019",45.60,46.93,44.70,46.31,+1.25,"1,524,520"
"Sep. 27, 2019",47.93,48.22,44.86,45.74,-4.53,"1,711,448"
"Sep. 26, 2019",46.85,48.19,46.15,47.91,+1.85,"1,143,744"
"Sep. 25, 2019",45.16,47.06,44.61,47.04,+3.66,"800,883"
"Sep. 24, 2019",46.65,47.36,45.07,45.38,-1.69,"984,061"
"Sep. 23, 2019",47.03,47.42,45.88,46.16,-2.80,"1,156,263"
"Sep. 20, 2019",48.47,49.01,46.89,47.49,-2.18,"1,355,015"
"Sep. 19, 2019",47.66,49.49,47.07,48.55,+2.53,"1,233,262"
"Sep. 18, 2019",47.99,48.51,46.75,47.35,-0.86,"1,297,801"
"Sep. 17, 2019",46.71,48.33,46.71,47.76,+4.10,"1,328,115"
"Sep. 16, 2019",45.47,46.34,45.00,45.88,+0.02,"779,274"
"Sep. 13, 2019",47.01,47.80,45.76,45.87,-2.43,"770,269"
"Sep. 12, 2019",44.90,47.22,44.81,47.01,+5.45,"1,371,369"
"Sep. 11, 2019",44.15,45.15,43.82,44.58,+1.62,"2,231,449"
"Sep. 10, 2019",46.41,46.54,43.13,43.87,-6.74,"3,230,373"
"Sep. 09, 2019",51.77,52.00,46.33,47.04,-8.96,"2,534,946"
"Sep. 06, 2019",52.99,53.22,51.54,51.67,-2.29,"928,330"
"Sep. 05, 2019",52.06,53.35,51.94,52.88,+2.88,"1,629,218"
"Sep. 04, 2019",50.61,52.24,50.25,51.40,+2.57,"1,147,060"
"Sep. 03, 2019",49.87,51.08,49.67,50.11,+0.30,"1,401,561"
"Aug. 30, 2019",50.42,50.42,48.90,49.96,-0.64,"1,147,166"
"Aug. 29, 2019",51.10,51.37,50.27,50.28,-0.20,"954,974"
"Aug. 28, 2019",49.80,50.51,48.61,50.38,+0.56,"1,201,552"
"Aug. 27, 2019",50.43,51.37,49.63,50.10,-0.40,"1,217,099"
"Aug. 26, 2019",50.85,51.52,49.94,50.30,-1.30,"1,638,206"
"Aug. 23, 2019",52.18,52.78,50.65,50.96,-2.64,"1,154,473"
"Aug. 22, 2019",51.54,52.62,50.43,52.34,+2.01,"1,771,580"
"Aug. 21, 2019",49.58,51.40,49.27,51.31,+4.95,"1,717,117"
"Aug. 20, 2019",49.82,50.28,48.77,48.89,-1.89,"2,038,869"
"Aug. 19, 2019",52.36,53.00,49.16,49.83,-3.32,"2,438,296"
"Aug. 16, 2019",50.68,53.43,49.07,51.54,+10.79,"5,733,600"
"Aug. 15, 2019",47.08,47.48,44.01,46.52,+1.57,"3,803,212"
"Aug. 14, 2019",45.62,46.35,45.30,45.80,-2.14,"1,277,874"
"Aug. 13, 2019",44.82,47.12,44.81,46.80,+4.37,"2,210,151"
"Aug. 12, 2019",44.96,44.96,43.31,44.84,-2.42,"1,170,334"
"Aug. 09, 2019",46.45,46.74,44.98,45.95,-2.17,"2,385,027"
"Aug. 08, 2019",45.73,47.00,45.06,46.97,+4.89,"1,816,424"
"Aug. 07, 2019",44.05,44.92,43.44,44.78,-0.02,"1,543,004"
"Aug. 06, 2019",44.19,44.94,43.48,44.79,+3.51,"1,303,351"
"Aug. 05, 2019",43.07,44.78,42.00,43.27,-5.19,"2,312,579"
"Aug. 02, 2019",44.77,46.05,43.68,45.64,+1.20,"1,715,890"
"Aug. 01, 2019",43.61,46.27,43.36,45.10,+3.73,"3,027,981"
"Jul. 31, 2019",44.37,45.30,43.32,43.48,-2.16,"3,447,702"
"Jul. 30, 2019",46.22,46.37,43.04,44.44,-5.97,"6,617,674"
"Jul. 29, 2019",48.70,48.70,47.07,47.26,-2.19,"2,125,755"
"Jul. 26, 2019",46.24,48.88,46.24,48.32,+5.30,"2,111,540"
"Jul. 25, 2019",46.19,46.70,45.63,45.89,-0.84,"1,156,587"
"Jul. 24, 2019",46.48,46.60,44.96,46.28,-1.15,"3,259,331"
"Jul. 23, 2019",48.12,48.15,46.36,46.82,-1.41,"2,171,147"
"Jul. 22, 2019",46.00,48.43,45.92,47.49,+4.05,"2,567,229"
"Jul. 19, 2019",46.66,47.25,45.36,45.64,-0.72,"2,106,377"
"Jul. 18, 2019",45.85,46.14,44.71,45.97,+0.63,"4,361,829"
"Jul. 17, 2019",45.30,47.09,44.76,45.68,+2.10,"2,685,670"
"Jul. 16, 2019",43.85,44.80,43.65,44.74,+1.75,"1,476,602"
"Jul. 15, 2019",43.65,45.66,43.05,43.97,+1.06,"2,545,280"
"Jul. 12, 2019",43.74,43.74,42.17,43.51,+1.35,"1,179,105"
"Jul. 11, 2019",43.08,43.28,42.31,42.93,-0.12,"2,386,377"
"Jul. 10, 2019",41.90,43.84,41.86,42.98,+4.24,"5,255,582"
"Jul. 09, 2019",40.47,41.58,40.40,41.23,+1.33,"2,312,270"
"Jul. 08, 2019",40.47,40.91,40.22,40.69,+0.44,"1,593,943"
"Jul. 05, 2019",39.90,40.57,39.03,40.51,+0.37,"1,322,539"
"Jul. 03, 2019",39.75,40.82,39.61,40.36,+2.13,"1,244,019"
"Jul. 02, 2019",38.53,39.68,38.36,39.52,+2.57,"1,318,955"
"Jul. 01, 2019",39.93,40.36,38.31,38.53,-1.13,"2,053,325"
"Jun. 28, 2019",38.18,39.20,37.71,38.97,+3.53,"1,798,340"
"Jun. 27, 2019",38.00,38.05,37.50,37.64,-0.50,"891,445"
"Jun. 26, 2019",37.46,38.08,37.21,37.83,+2.02,"1,467,432"
"Jun. 25, 2019",37.20,37.69,36.64,37.08,-0.59,"4,926,294"
"Jun. 24, 2019",37.68,38.25,37.17,37.30,-0.77,"1,257,525"
"Jun. 21, 2019",37.31,37.64,36.64,37.59,+0.51,"1,627,927"
"Jun. 20, 2019",37.10,37.69,36.66,37.40,+2.61,"3,208,750"
"Jun. 19, 2019",36.70,36.78,35.52,36.45,-0.46,"1,863,843"
"Jun. 18, 2019",36.49,37.27,35.88,36.62,+2.20,"2,422,691"
"Jun. 17, 2019",35.87,36.10,34.93,35.83,+0.82,"1,858,638"
"Jun. 14, 2019",36.54,36.77,35.54,35.54,-3.55,"2,070,684"
"Jun. 13, 2019",36.27,36.85,35.60,36.85,+1.71,"1,742,568"
"Jun. 12, 2019",36.26,36.83,35.50,36.23,-0.38,"1,257,930"
"Jun. 11, 2019",36.50,36.71,35.94,36.37,+0.44,"1,627,984"
"Jun. 10, 2019",36.42,37.06,35.88,36.21,+1.23,"2,443,850"
"Jun. 07, 2019",35.20,36.18,35.05,35.77,+2.58,"2,117,740"
"Jun. 06, 2019",33.85,35.38,33.48,34.87,+3.04,"2,497,359"
"Jun. 05, 2019",33.44,34.02,32.79,33.84,+1.50,"1,235,529"
"Jun. 04, 2019",31.55,33.49,31.24,33.34,+7.20,"2,615,610"
"Jun. 03, 2019",32.15,32.76,30.61,31.10,-2.87,"2,351,877"
"May 31, 2019",32.37,32.73,31.84,32.02,-2.35,"2,037,028"
"May 30, 2019",32.56,33.23,32.51,32.79,+1.71,"1,214,383"
"May 29, 2019",32.42,32.85,31.31,32.24,-1.68,"2,488,308"
"May 28, 2019",32.59,33.15,32.33,32.79,+2.21,"2,274,715"
"May 24, 2019",31.62,32.20,31.17,32.08,+2.43,"2,035,440"
"May 23, 2019",30.62,31.41,30.31,31.32,+0.32,"1,953,207"
"May 22, 2019",30.50,31.44,30.41,31.22,+1.89,"1,672,017"
"May 21, 2019",30.53,30.99,30.20,30.64,+1.56,"1,504,749"
"May 20, 2019",29.63,30.58,29.63,30.17,+1.00,"1,507,631"
"May 17, 2019",29.95,31.33,29.79,29.87,-1.52,"3,096,027"
"May 16, 2019",28.80,31.64,28.52,30.33,+7.94,"5,254,039"
"May 15, 2019",26.39,28.36,25.74,28.10,+9.38,"4,820,863"
"May 14, 2019",26.35,26.87,25.69,25.69,-0.85,"3,289,260"
"May 13, 2019",26.76,27.26,25.68,25.91,-5.82,"3,494,917"
"May 10, 2019",27.38,27.91,26.88,27.51,+0.47,"2,128,387"
"May 09, 2019",26.58,27.51,26.11,27.38,+0.59,"1,725,754"
"May 08, 2019",26.86,27.57,26.76,27.22,+0.26,"1,917,483"
"May 07, 2019",27.01,27.24,26.69,27.15,-0.88,"997,424"
"May 06, 2019",26.34,27.61,26.29,27.39,+0.88,"1,037,324"
"May 03, 2019",26.06,27.31,25.96,27.15,+4.99,"1,507,344"
"May 02, 2019",25.88,26.53,25.59,25.86,-0.42,"1,441,519"
"May 01, 2019",26.18,26.57,25.93,25.97,-0.35,"961,488"
"Apr. 30, 2019",26.27,26.60,25.95,26.06,-1.18,"1,612,913"
"Apr. 29, 2019",26.72,26.72,25.96,26.37,-0.83,"1,583,610"
"Apr. 26, 2019",26.43,26.81,25.91,26.59,+0.15,"2,714,593"
"Apr. 25, 2019",26.45,26.86,26.04,26.55,+0.42,"1,624,360"
"Apr. 24, 2019",26.45,26.62,25.82,26.44,+0.49,"3,867,744"
"Apr. 23, 2019",25.74,26.36,25.46,26.31,+2.45,"1,741,071"
"Apr. 22, 2019",25.31,26.05,24.95,25.68,+1.50,"2,663,026"
"Apr. 18, 2019",25.48,26.18,24.26,25.30,-9.74,"13,052,106"
"Apr. 17, 2019",28.77,28.92,27.99,28.03,-1.72,"972,140"
"Apr. 16, 2019",28.66,28.84,28.31,28.52,+0.11,"780,694"
"Apr. 15, 2019",28.55,28.88,28.12,28.49,+0.07,"784,064"
"Apr. 12, 2019",28.49,28.89,28.32,28.47,-0.56,"1,038,321"
"Apr. 11, 2019",29.14,29.24,28.44,28.63,-1.62,"1,070,258"
"Apr. 10, 2019",28.70,29.18,28.52,29.10,+1.18,"1,500,487"
"Apr. 09, 2019",28.71,29.24,28.50,28.76,-0.59,"922,905"
"Apr. 08, 2019",28.73,29.00,28.25,28.93,-0.34,"1,602,401"
"Apr. 05, 2019",29.32,29.64,28.83,29.03,-0.68,"2,486,280"
"Apr. 04, 2019",30.39,30.39,28.78,29.23,-3.37,"2,562,079"
"Apr. 03, 2019",29.44,31.00,29.44,30.25,+1.07,"3,045,971"
"Apr. 02, 2019",30.31,30.54,29.53,29.93,-1.25,"1,972,022"
"Apr. 01, 2019",30.45,30.92,29.88,30.31,+1.54,"4,188,672"
"Mar. 29, 2019",30.81,30.81,29.78,29.85,-1.32,"1,743,143"
"Mar. 28, 2019",30.84,30.84,29.99,30.25,-1.18,"2,281,817"
"Mar. 27, 2019",30.84,31.64,30.35,30.61,+0.69,"3,277,257"
"Mar. 26, 2019",29.52,30.42,29.34,30.40,+5.15,"1,638,711"
"Mar. 25, 2019",29.40,29.40,27.74,28.91,-2.30,"2,738,876"
"Mar. 22, 2019",29.68,30.24,29.12,29.59,-3.87,"1,749,157"
"Mar. 21, 2019",30.00,30.93,29.96,30.78,+2.29,"1,874,496"
"Mar. 20, 2019",30.21,30.30,29.40,30.09,-0.23,"1,983,539"
"Mar. 19, 2019",30.00,31.50,30.00,30.16,+4.58,"4,341,074"
"Mar. 18, 2019",28.81,28.98,28.19,28.84,+1.34,"1,089,307"
"Mar. 15, 2019",28.62,28.73,28.03,28.46,+0.28,"1,567,057"
"Mar. 14, 2019",28.90,29.24,28.23,28.38,-1.66,"1,392,871"
"Mar. 13, 2019",28.50,29.26,28.44,28.86,+1.83,"2,848,730"
"Mar. 12, 2019",28.31,28.75,27.39,28.34,-1.43,"2,161,721"
"Mar. 11, 2019",27.46,28.86,27.36,28.75,+6.09,"1,540,587"
"Mar. 08, 2019",26.53,27.36,25.95,27.10,+0.48,"2,060,633"
"Mar. 07, 2019",27.58,27.58,26.67,26.97,-2.28,"1,473,453"
"Mar. 06, 2019",28.31,28.50,27.30,27.60,-3.26,"1,251,668"
"Mar. 05, 2019",28.29,28.87,28.02,28.53,+0.49,"1,244,249"
"Mar. 04, 2019",28.05,28.41,27.85,28.39,+1.50,"1,379,730"
"Mar. 01, 2019",28.25,28.38,27.52,27.97,-0.57,"1,431,473"
"Feb. 28, 2019",28.24,28.36,28.03,28.13,-0.28,"1,812,075"
"Feb. 27, 2019",28.01,28.55,27.80,28.21,+0.43,"2,376,203"
"Feb. 26, 2019",27.39,28.14,26.95,28.09,+2.07,"2,288,746"
"Feb. 25, 2019",26.49,27.73,26.43,27.52,+5.36,"4,123,891"
"Feb. 22, 2019",24.78,26.57,24.00,26.12,+14.31,"8,018,044"
"Feb. 21, 2019",23.56,23.56,22.57,22.85,-3.05,"2,596,491"
"Feb. 20, 2019",23.63,24.03,23.48,23.57,-0.80,"2,727,745"
"Feb. 19, 2019",23.44,24.34,23.18,23.76,+0.72,"2,323,069"
"Feb. 15, 2019",23.64,23.68,23.02,23.59,+0.90,"1,753,105"
"Feb. 14, 2019",23.19,23.47,22.66,23.38,-0.04,"1,632,106"
"Feb. 13, 2019",23.28,23.87,23.01,23.39,+0.69,"1,444,506"
"Feb. 12, 2019",23.11,23.42,23.09,23.23,+1.35,"1,458,812"
"Feb. 11, 2019",22.93,23.12,22.52,22.92,+0.61,"1,035,147"
"Feb. 08, 2019",22.59,22.84,22.34,22.78,+0.57,"1,333,571"
"Feb. 07, 2019",22.70,23.04,22.40,22.65,-1.13,"3,609,102"
"Feb. 06, 2019",23.10,23.56,22.78,22.91,-1.38,"3,021,637"
"Feb. 05, 2019",22.93,23.61,22.37,23.23,+1.44,"2,366,753"
"Feb. 04, 2019",22.47,23.16,22.17,22.90,+1.01,"3,043,978"
"Feb. 01, 2019",21.43,22.75,21.18,22.67,+5.10,"2,772,582"
"Jan. 31, 2019",21.69,22.00,21.46,21.57,+0.19,"1,740,129"
"Jan. 30, 2019",21.17,21.76,20.25,21.53,+2.38,"12,465,499"
"Jan. 29, 2019",21.94,22.16,20.93,21.03,-4.15,"2,130,041"
"Jan. 28, 2019",22.49,22.57,21.55,21.94,-4.32,"2,242,004"
"Jan. 25, 2019",23.09,23.44,22.79,22.93,+0.35,"2,680,125"
"Jan. 24, 2019",22.40,22.92,22.25,22.85,+2.24,"1,859,655"
"Jan. 23, 2019",22.55,22.69,21.62,22.35,0.00,"1,225,845"
"Jan. 22, 2019",22.30,22.95,22.05,22.35,-0.18,"1,602,227"
"Jan. 18, 2019",21.41,22.56,21.41,22.39,+5.41,"2,355,765"
"Jan. 17, 2019",20.99,21.45,20.80,21.24,-0.05,"1,470,474"
"Jan. 16, 2019",21.38,21.90,20.97,21.25,+1.63,"1,723,659"
"Jan. 15, 2019",21.44,21.67,20.90,20.91,-1.37,"1,217,811"
"Jan. 14, 2019",21.70,21.70,21.17,21.20,-3.15,"1,330,015"
"Jan. 11, 2019",21.91,22.16,21.65,21.89,-0.68,"1,269,633"
"Jan. 10, 2019",21.73,22.27,21.43,22.04,+0.09,"956,999"
"Jan. 09, 2019",21.85,22.20,21.60,22.02,+1.71,"1,752,723"
"Jan. 08, 2019",21.48,22.22,21.48,21.65,+2.07,"2,318,874"
"Jan. 07, 2019",20.53,21.28,20.36,21.21,+3.31,"1,538,837"
"Jan. 04, 2019",20.53,20.53,20.53,20.53,+8.97,0
"Jan. 03, 2019",19.25,19.46,18.50,18.84,-3.34,"1,372,144"
"Jan. 02, 2019",18.32,19.73,18.28,19.49,+4.06,"1,356,663"
"Dec. 31, 2018",18.33,18.77,17.92,18.73,+2.46,"1,404,225"
"Dec. 28, 2018",18.34,18.76,18.11,18.28,+1.73,"2,042,197"
"Dec. 27, 2018",17.88,18.24,17.26,17.97,-1.96,"1,989,782"
"Dec. 26, 2018",17.74,18.34,17.23,18.33,+3.85,"2,632,600"
"Dec. 24, 2018",17.17,18.09,17.02,17.65,+0.91,"2,042,836"
"Dec. 21, 2018",17.49,17.49,17.49,17.49,-5.41,0
"Dec. 20, 2018",19.33,19.64,17.84,18.49,-4.44,"5,296,064"
"Dec. 19, 2018",19.99,20.57,19.15,19.35,-3.10,"1,410,588"
"Dec. 18, 2018",19.71,20.36,19.64,19.97,+1.89,"2,283,394"
"Dec. 17, 2018",20.82,20.92,19.43,19.60,-5.90,"2,384,453"
"Dec. 14, 2018",20.29,21.18,20.03,20.83,+0.14,"2,063,431"
"Dec. 13, 2018",21.92,22.19,20.73,20.80,-4.67,"1,874,136"
"Dec. 12, 2018",21.92,22.42,21.60,21.82,+1.72,"1,469,183"
"Dec. 11, 2018",21.78,22.17,21.06,21.45,+0.47,"1,389,935"
"Dec. 10, 2018",21.20,22.20,20.90,21.35,-0.05,"1,859,488"
"Dec. 07, 2018",21.60,22.33,21.23,21.36,+0.71,"2,816,485"
"Dec. 06, 2018",21.16,21.36,20.48,21.21,-2.03,"6,541,454"
"Dec. 04, 2018",22.52,22.88,21.41,21.65,-4.46,"4,762,639"
"Dec. 03, 2018",24.20,24.34,22.52,22.66,-5.58,"5,338,965"
"Nov. 30, 2018",22.41,24.57,21.40,24.00,-8.50,"16,720,070"
"Nov. 29, 2018",26.05,26.50,25.32,26.23,+0.88,"5,938,920"
"Nov. 28, 2018",24.63,26.24,24.24,26.00,+7.88,"3,692,341"
"Nov. 27, 2018",22.43,24.93,22.42,24.10,+7.69,"4,623,460"
"Nov. 26, 2018",21.85,22.56,21.62,22.38,+3.95,"2,582,967"
"Nov. 23, 2018",21.53,22.48,21.05,21.53,-1.73,"2,231,826"
"Nov. 21, 2018",21.83,23.12,21.12,21.91,+2.82,"2,437,082"
"Nov. 20, 2018",20.25,21.49,20.02,21.31,+0.76,"3,102,457"
"Nov. 19, 2018",23.17,23.59,21.07,21.15,-10.27,"2,848,434"
"Nov. 16, 2018",24.50,25.13,23.37,23.57,-4.19,"2,033,287"
"Nov. 15, 2018",23.04,24.66,22.70,24.60,+6.13,"1,965,216"
"Nov. 14, 2018",22.86,23.49,22.52,23.18,+3.11,"2,255,876"
"Nov. 13, 2018",22.69,23.30,22.13,22.48,+0.76,"2,420,520"
"Nov. 12, 2018",24.60,24.65,22.23,22.31,-8.98,"4,166,717"
"Nov. 09, 2018",25.44,25.59,23.14,24.51,-3.66,"4,960,936"
"Nov. 08, 2018",26.73,27.11,24.71,25.44,-9.11,"6,857,164"
"Nov. 07, 2018",27.93,28.35,27.65,27.99,+0.39,"1,528,963"
"Nov. 06, 2018",27.00,28.04,27.00,27.88,+2.80,"1,491,073"
"Nov. 05, 2018",26.85,27.80,26.76,27.12,-0.18,"1,517,955"
"Nov. 02, 2018",28.32,28.72,26.52,27.17,-3.03,"2,538,270"
"Nov. 01, 2018",27.18,28.28,26.66,28.02,+3.82,"2,702,961"
"Oct. 31, 2018",26.30,27.57,26.17,26.99,+3.97,"2,619,127"
"Oct. 30, 2018",25.42,26.06,24.35,25.96,+2.12,"3,883,742"
"Oct. 29, 2018",28.18,28.76,24.94,25.42,-6.85,"5,643,188"
"Oct. 26, 2018",28.37,28.45,26.97,27.29,-6.73,"4,869,893"
"Oct. 25, 2018",30.49,30.98,28.39,29.26,-1.65,"5,298,558"
"Oct. 24, 2018",31.23,31.66,29.66,29.75,-3.72,"4,434,887"
"Oct. 23, 2018",30.87,31.36,30.00,30.90,-2.65,"3,091,101"
"Oct. 22, 2018",30.19,32.07,29.71,31.74,+6.15,"5,218,260"
"Oct. 19, 2018",30.42,31.55,29.11,29.90,-1.39,"4,210,241"
"Oct. 18, 2018",31.11,31.80,30.08,30.32,-3.04,"4,709,885"
"Oct. 17, 2018",30.38,31.60,30.32,31.27,+2.79,"4,516,736"
"Oct. 16, 2018",28.37,30.65,28.13,30.42,+9.86,"4,963,254"
"Oct. 15, 2018",26.63,27.86,26.51,27.69,+2.52,"1,912,082"
"Oct. 12, 2018",27.54,27.72,26.66,27.01,+2.08,"2,210,667"
"Oct. 11, 2018",26.11,26.98,26.00,26.46,+2.52,"3,528,324"
"Oct. 10, 2018",28.81,28.85,25.78,25.81,-10.97,"5,470,824"
"Oct. 09, 2018",27.37,29.02,27.10,28.99,+3.83,"2,564,444"
"Oct. 08, 2018",27.96,28.93,26.86,27.92,+3.60,"4,700,912"
"Oct. 05, 2018",27.70,27.93,26.38,26.95,-2.88,"2,620,617"
"Oct. 04, 2018",29.57,29.80,27.50,27.75,-6.44,"4,534,574"
"Oct. 03, 2018",28.91,30.05,28.91,29.66,+4.88,"5,014,625"
"Oct. 02, 2018",28.25,29.69,27.82,28.28,+0.53,"2,899,063"
"Oct. 01, 2018",27.92,28.31,27.86,28.13,+1.66,"1,651,738"
"Sep. 28, 2018",27.58,27.95,27.32,27.67,+0.29,"1,449,657"
"Sep. 27, 2018",27.28,28.24,27.13,27.59,+1.36,"5,450,587"
"Sep. 26, 2018",28.48,28.56,27.21,27.22,-3.78,"2,761,646"
"Sep. 25, 2018",28.05,28.63,27.90,28.29,+0.32,"1,823,528"
"Sep. 24, 2018",28.66,28.68,27.75,28.20,-1.67,"1,414,300"
"Sep. 21, 2018",29.05,29.19,28.61,28.68,-1.27,"1,580,523"
"Sep. 20, 2018",28.70,29.17,28.52,29.05,+2.22,"2,888,346"
"Sep. 19, 2018",27.43,28.61,27.18,28.42,+3.99,"2,473,528"
"Sep. 18, 2018",26.93,27.45,26.51,27.33,+2.02,"1,864,274"
"Sep. 17, 2018",26.83,27.92,26.55,26.79,-0.92,"1,685,628"
"Sep. 14, 2018",27.60,27.63,26.50,27.04,-0.73,"1,104,103"
"Sep. 13, 2018",26.94,27.56,26.76,27.24,+2.52,"2,890,818"
"Sep. 12, 2018",26.33,27.14,25.85,26.57,+0.68,"3,288,734"
"Sep. 11, 2018",26.20,26.64,26.02,26.39,-0.26,"1,469,981"
"Sep. 10, 2018",26.72,27.07,26.21,26.46,-0.41,"1,340,987"
"Sep. 07, 2018",25.83,27.07,25.67,26.57,+2.86,"2,343,673"
"Sep. 06, 2018",26.75,26.75,25.36,25.83,-3.44,"3,111,385"
"Sep. 05, 2018",28.20,28.20,26.66,26.75,-5.54,"2,215,803"
"Sep. 04, 2018",28.50,28.86,27.18,28.32,-1.97,"3,014,740"
"Aug. 31, 2018",27.21,31.29,26.95,28.89,+12.02,"12,255,487"
"Aug. 30, 2018",26.77,26.90,25.62,25.79,-3.70,"2,469,827"
"Aug. 29, 2018",26.60,27.00,25.82,26.78,+1.83,"1,898,190"
"Aug. 28, 2018",26.72,26.95,26.04,26.30,-0.45,"1,111,262"
"Aug. 27, 2018",25.91,26.50,25.91,26.42,+2.21,"1,043,081"
"Aug. 24, 2018",25.33,26.02,25.22,25.85,+3.11,"1,906,728"
"Aug. 23, 2018",25.17,25.66,24.83,25.07,-0.71,"1,598,530"
"Aug. 22, 2018",25.09,25.42,24.78,25.25,+0.64,"2,011,909"
"Aug. 21, 2018",25.91,26.19,24.95,25.09,-3.09,"2,634,976"
"Aug. 20, 2018",26.80,27.28,25.69,25.89,-3.25,"2,025,276"
"Aug. 17, 2018",26.62,26.88,25.67,26.76,-0.11,"2,681,244"
"Aug. 16, 2018",27.15,27.44,26.62,26.79,+1.40,"2,249,458"
"Aug. 15, 2018",28.04,28.13,26.31,26.42,-6.68,"2,814,695"
"Aug. 14, 2018",28.00,28.48,27.62,28.31,+1.14,"1,255,331"
"Aug. 13, 2018",28.28,28.53,27.56,27.99,-1.41,"1,901,308"
"Aug. 10, 2018",28.19,28.75,27.05,28.39,-0.70,"2,765,392"
"Aug. 09, 2018",27.20,28.84,26.89,28.59,+5.11,"2,525,724"
"Aug. 08, 2018",27.00,27.54,26.82,27.20,+0.89,"2,597,885"
"Aug. 07, 2018",27.52,27.95,26.91,26.96,-2.35,"1,947,612"
"Aug. 06, 2018",27.35,27.90,27.00,27.61,+0.18,"1,554,623"
"Aug. 03, 2018",26.30,27.85,26.27,27.56,+4.59,"2,660,376"
"Aug. 02, 2018",26.21,26.51,24.57,26.35,-0.34,"6,665,944"
"Aug. 01, 2018",27.02,27.55,25.76,26.44,-1.78,"3,710,065"
"Jul. 31, 2018",29.38,29.41,26.06,26.92,-5.91,"9,768,619"
"Jul. 30, 2018",29.09,29.22,28.10,28.61,-0.69,"4,461,339"
"Jul. 27, 2018",29.55,29.85,28.26,28.81,-2.37,"3,345,824"
"Jul. 26, 2018",28.86,29.54,28.46,29.51,+1.48,"3,175,807"
"Jul. 25, 2018",27.92,29.25,27.88,29.08,+4.42,"4,367,774"
"Jul. 24, 2018",28.09,28.49,27.38,27.85,+0.36,"3,270,470"
"Jul. 23, 2018",26.74,27.77,26.38,27.75,+3.35,"3,519,150"
"Jul. 20, 2018",26.49,26.99,25.82,26.85,+5.29,"5,828,894"
"Jul. 19, 2018",26.18,26.92,25.16,25.50,-4.78,"3,729,552"
"Jul. 18, 2018",26.47,26.90,25.70,26.78,+1.83,"3,533,396"
"Jul. 17, 2018",26.58,27.49,25.58,26.30,-2.59,"5,396,546"
"Jul. 16, 2018",27.20,27.96,26.71,27.00,-1.10,"3,209,032"
